"(PDH-TSV 4.0) ("	"\\YJYVR04\Process(HQVRMeeting)\% Processor Time"	"\\YJYVR04\Process(HQVRMeeting)\Handle Count"	"\\YJYVR04\Process(HQVRMeeting)\Private Bytes"	"\\YJYVR04\Process(HQVRMeeting)\Virtual Bytes"	"\\YJYVR04\Process(HQVRMeeting)\Working Set"	"\\YJYVR04\Process(HQVRMeeting)\Working Set - Private"
"08/05/2022 11:18:25.597"	" "	"1172"	"4097138688"	"17795112960"	"253648896"	"201822208"
"08/05/2022 11:18:26.597"	"26.790373559421730931"	"1172"	"2518892544"	"16219955200"	"254517248"	"202682368"
"08/05/2022 11:18:27.597"	"10.94018143847056912"	"1172"	"2518892544"	"16219955200"	"254889984"	"203055104"
"08/05/2022 11:18:28.595"	"18.776040490556354712"	"1172"	"2518892544"	"16219955200"	"259260416"	"203411456"
"08/05/2022 11:18:29.593"	"12.533395231594585795"	"1172"	"2450391040"	"16152780800"	"259641344"	"203784192"
"08/05/2022 11:18:30.605"	"15.434499687605725882"	"1172"	"2450391040"	"16152780800"	"260022272"	"204165120"
"08/05/2022 11:18:31.604"	"26.590233613659048473"	"1172"	"2450391040"	"16152780800"	"260399104"	"204541952"
"08/05/2022 11:18:32.603"	"32.853550511363948772"	"1172"	"2445197312"	"16152780800"	"255578112"	"199720960"
"08/05/2022 11:18:33.605"	"21.838026038114868754"	"1172"	"2445197312"	"16152780800"	"255946752"	"200089600"
"08/05/2022 11:18:34.606"	"26.520780160729156449"	"1172"	"2445197312"	"16152780800"	"256327680"	"200466432"
"08/05/2022 11:18:35.605"	"17.208067081776139418"	"1172"	"2445197312"	"16152780800"	"256704512"	"200843264"
"08/05/2022 11:18:36.605"	"28.115418265455133451"	"1176"	"2445197312"	"16152780800"	"257077248"	"201216000"
"08/05/2022 11:18:37.607"	"20.27700105425431687"	"1176"	"2445197312"	"16152780800"	"257454080"	"201592832"
"08/05/2022 11:18:38.607"	"10.937890482690232119"	"1176"	"2445197312"	"16152780800"	"257826816"	"201965568"
"08/05/2022 11:18:39.605"	"23.489870666651299302"	"1176"	"2445197312"	"16152780800"	"258191360"	"202330112"
"08/05/2022 11:18:40.605"	"28.130828707708239733"	"1176"	"2445197312"	"16152780800"	"258433024"	"202571776"
"08/05/2022 11:18:41.605"	"24.979893683574090346"	"1176"	"2445197312"	"16152780800"	"258519040"	"202657792"
"08/05/2022 11:18:42.605"	"18.759518579727355814"	"1176"	"2445197312"	"16152780800"	"258519040"	"202657792"
"08/05/2022 11:18:43.606"	"20.294452143708600289"	"1176"	"2445197312"	"16152780800"	"258519040"	"202657792"
"08/05/2022 11:18:44.605"	"10.946793827959938383"	"1176"	"2445197312"	"16152780800"	"258519040"	"202657792"
"08/05/2022 11:18:45.604"	"20.329574809882817732"	"1176"	"2445197312"	"16152772608"	"258596864"	"202743808"
"08/05/2022 11:18:46.601"	"28.199486122644351838"	"1174"	"2445484032"	"16151724032"	"258981888"	"203096064"
"08/05/2022 11:18:47.602"	"42.17562334446620298"	"1174"	"2445959168"	"16151724032"	"259473408"	"203587584"
"08/05/2022 11:18:48.600"	"29.728837949168319454"	"1174"	"2446647296"	"16151724032"	"260141056"	"204255232"
"08/05/2022 11:18:49.599"	"20.342242392602223333"	"1174"	"2446991360"	"16151724032"	"260489216"	"204603392"
"08/05/2022 11:18:50.601"	"14.032023847405818984"	"1174"	"2447663104"	"16151724032"	"261177344"	"205287424"
"08/05/2022 11:18:51.602"	"31.203241941949990235"	"1174"	"2447986688"	"16151724032"	"261484544"	"205594624"
"08/05/2022 11:18:52.601"	"23.479154367763850786"	"1178"	"2448613376"	"16151789568"	"262299648"	"206204928"
"08/05/2022 11:18:53.600"	"43.794854690173671941"	"1178"	"2449305600"	"16151789568"	"262971392"	"206876672"
"08/05/2022 11:18:54.600"	"31.227366404829780322"	"1308"	"2453692416"	"16179032064"	"268103680"	"209612800"
"08/05/2022 11:18:55.599"	"43.817944104127860783"	"1557"	"2589745152"	"16850763776"	"710660096"	"575959040"
"08/05/2022 11:18:56.601"	"17.150100775239433659"	"1557"	"2589966336"	"16850763776"	"2659446784"	"2524258304"
"08/05/2022 11:18:57.600"	"136.05016314009631628"	"1491"	"4952489984"	"19452764160"	"2962153472"	"2825457664"
"08/05/2022 11:18:58.597"	"39.178330734817492953"	"1500"	"3307003904"	"17805172736"	"1321463808"	"1184636928"
"08/05/2022 11:18:59.596"	"45.360772934556955249"	"1500"	"3308040192"	"17821818880"	"1322651648"	"1185812480"
"08/05/2022 11:19:00.595"	"42.220402359558804051"	"1503"	"3309264896"	"17821884416"	"1324683264"	"1187790848"
"08/05/2022 11:19:01.594"	"48.526269104072078164"	"1503"	"3289075712"	"17821884416"	"1318277120"	"1181384704"
"08/05/2022 11:19:02.581"	"33.244189093048873929"	"1503"	"3294302208"	"17826820096"	"1318719488"	"1181827072"
"08/05/2022 11:19:03.595"	"77.025491913136733046"	"1499"	"3861880832"	"18229538816"	"1569202176"	"1432227840"
"08/05/2022 11:19:04.585"	"52.098536633569125343"	"1680"	"3893456896"	"18409889792"	"1566052352"	"1416155136"
"08/05/2022 11:19:05.593"	"63.521304834936820782"	"1862"	"3895152640"	"18406387712"	"1570996224"	"1420124160"
"08/05/2022 11:19:06.583"	"48.909629544960459668"	"1878"	"3930169344"	"18421358592"	"1588604928"	"1437429760"
"08/05/2022 11:19:07.589"	"51.270208541107145095"	"1878"	"3822637056"	"18398945280"	"1574744064"	"1423552512"
"08/05/2022 11:19:08.594"	"49.759740071040987175"	"1878"	"3748184064"	"18398945280"	"1565433856"	"1414242304"
"08/05/2022 11:19:09.589"	"37.68947251623360728"	"1878"	"3742949376"	"18398945280"	"1569140736"	"1417940992"
"08/05/2022 11:19:10.594"	"45.096047988863055878"	"1878"	"3557945344"	"18231173120"	"1384378368"	"1233178624"
"08/05/2022 11:19:11.587"	"44.044960290070548581"	"1878"	"3558907904"	"18231173120"	"1385324544"	"1234124800"
"08/05/2022 11:19:12.592"	"40.40661035236752241"	"1878"	"3548532736"	"18231173120"	"1383313408"	"1232113664"
"08/05/2022 11:19:13.600"	"62.020691690477647739"	"1878"	"3548958720"	"18247753728"	"1383739392"	"1232539648"
"08/05/2022 11:19:14.594"	"45.573852371193076749"	"1878"	"3561172992"	"18247753728"	"1387593728"	"1236393984"
"08/05/2022 11:19:15.588"	"33.035911961824226069"	"1875"	"3561713664"	"18247745536"	"1390424064"	"1239232512"
"08/05/2022 11:19:16.594"	"46.598470695352567361"	"1876"	"3550953472"	"18247745536"	"1385803776"	"1234612224"
"08/05/2022 11:19:17.587"	"34.594046040121448016"	"1876"	"3551784960"	"18247745536"	"1386614784"	"1235423232"
"08/05/2022 11:19:18.597"	"63.457735093016530925"	"1876"	"3563913216"	"18247745536"	"1390272512"	"1239080960"
"08/05/2022 11:19:19.585"	"39.509878253439346452"	"1876"	"3564371968"	"18247745536"	"1390727168"	"1239535616"
"08/05/2022 11:19:20.595"	"47.957075607974438469"	"1878"	"3552518144"	"18247745536"	"1387261952"	"1236070400"
"08/05/2022 11:19:21.587"	"37.833822953447452164"	"1878"	"3565813760"	"18247745536"	"1392033792"	"1240842240"
"08/05/2022 11:19:22.598"	"58.727813621113966747"	"1878"	"3566563328"	"18247745536"	"1392771072"	"1241579520"
"08/05/2022 11:19:23.593"	"34.52270886213754153"	"1878"	"3567058944"	"18247745536"	"1393262592"	"1242071040"
"08/05/2022 11:19:24.587"	"45.593006412653210191"	"1878"	"3556458496"	"18247745536"	"1391050752"	"1239859200"
"08/05/2022 11:19:25.597"	"52.621803999257096507"	"1878"	"3568635904"	"18247745536"	"1396563968"	"1245364224"
"08/05/2022 11:19:26.593"	"45.466609071447670942"	"1878"	"3558035456"	"18247745536"	"1392676864"	"1241477120"
"08/05/2022 11:19:27.584"	"44.179209859628258528"	"1878"	"3570065408"	"18247745536"	"1396310016"	"1245110272"
"08/05/2022 11:19:28.592"	"35.632704968242649102"	"1878"	"3571023872"	"18247745536"	"1397166080"	"1245966336"
"08/05/2022 11:19:29.599"	"79.182088646379028773"	"1878"	"3559075840"	"18247745536"	"1393729536"	"1242529792"
"08/05/2022 11:19:30.594"	"42.39958697400265919"	"1878"	"3560046592"	"18247745536"	"1394700288"	"1243500544"
"08/05/2022 11:19:31.584"	"31.569323709319768057"	"1878"	"1927548928"	"16605413376"	"1399218176"	"1248018432"
"08/05/2022 11:19:32.592"	"51.10556007679735302"	"1878"	"1928384512"	"16605413376"	"1399967744"	"1248768000"
"08/05/2022 11:19:33.600"	"35.662959405901489163"	"1878"	"1929224192"	"16605413376"	"1400791040"	"1249591296"
"08/05/2022 11:19:34.597"	"31.355536464632660199"	"1878"	"1917648896"	"16605413376"	"1397571584"	"1246371840"
"08/05/2022 11:19:35.590"	"26.736552281698628519"	"1878"	"1929527296"	"16605413376"	"1401073664"	"1249873920"
"08/05/2022 11:19:36.594"	"31.136364723305820945"	"1878"	"1917399040"	"16605413376"	"1397530624"	"1246330880"
"08/05/2022 11:19:37.589"	"37.695208406252618261"	"1878"	"1930485760"	"16621993984"	"1402081280"	"1250881536"
"08/05/2022 11:19:38.598"	"51.072687391571136573"	"1878"	"1931452416"	"16621993984"	"1403052032"	"1251852288"
"08/05/2022 11:19:39.590"	"39.391132338876779784"	"1878"	"1920847872"	"16621993984"	"1400799232"	"1249599488"
"08/05/2022 11:19:40.598"	"38.756201984476284395"	"1878"	"1921228800"	"16621993984"	"1401196544"	"1249996800"
"08/05/2022 11:19:41.592"	"28.303578598811341749"	"1878"	"1921789952"	"16621993984"	"1401745408"	"1250545664"
"08/05/2022 11:19:42.597"	"24.869578954049174513"	"1878"	"1922854912"	"16621993984"	"1402785792"	"1251586048"
"08/05/2022 11:19:43.587"	"36.313240360659818862"	"1878"	"1923497984"	"16621993984"	"1403412480"	"1252212736"
"08/05/2022 11:19:44.598"	"38.606308554960314439"	"1878"	"1935241216"	"16621993984"	"1406795776"	"1255596032"
"08/05/2022 11:19:45.590"	"33.086045498366843276"	"1878"	"1935806464"	"16618848256"	"1407455232"	"1256255488"
"08/05/2022 11:19:46.603"	"40.094406660023906852"	"1878"	"1936654336"	"16618848256"	"1408299008"	"1257099264"
"08/05/2022 11:19:47.598"	"34.5410248902374164"	"1878"	"1926017024"	"16618848256"	"1406029824"	"1254830080"
"08/05/2022 11:19:48.593"	"21.999380095182139883"	"1878"	"1937940480"	"16618848256"	"1411293184"	"1260093440"
"08/05/2022 11:19:49.603"	"54.127845145122009285"	"1872"	"1927589888"	"16618848256"	"1407578112"	"1256378368"
"08/05/2022 11:19:50.598"	"40.822363882663516677"	"1872"	"1928036352"	"16618848256"	"1408028672"	"1256828928"
"08/05/2022 11:19:51.591"	"36.191389837991479794"	"1872"	"1928589312"	"16618848256"	"1408573440"	"1257373696"
"08/05/2022 11:19:52.600"	"37.194517706623727804"	"1872"	"1940426752"	"16618848256"	"1412067328"	"1260867584"
"08/05/2022 11:19:53.588"	"44.250235638826239892"	"1872"	"1941053440"	"16618848256"	"1412685824"	"1261486080"
"08/05/2022 11:19:54.594"	"35.715421509056682225"	"1872"	"1929576448"	"16618848256"	"1409601536"	"1258401792"
"08/05/2022 11:19:55.587"	"36.191794405028048232"	"1872"	"1942646784"	"16618848256"	"1414180864"	"1262981120"
"08/05/2022 11:19:56.597"	"43.334830654910625469"	"1872"	"1930878976"	"16618848256"	"1410826240"	"1259626496"
"08/05/2022 11:19:57.593"	"47.060323554156269665"	"1874"	"1931624448"	"16618848256"	"1411547136"	"1260347392"
"08/05/2022 11:19:58.589"	"23.527202163689498349"	"1872"	"1932320768"	"16618848256"	"1412329472"	"1261129728"
"08/05/2022 11:19:59.598"	"29.442911842739988515"	"1872"	"1945489408"	"16618848256"	"1416982528"	"1265782784"
"08/05/2022 11:20:00.591"	"37.758737976107482837"	"1872"	"1946341376"	"16618848256"	"1417736192"	"1266536448"
"08/05/2022 11:20:01.602"	"35.541317381022011546"	"1872"	"1947070464"	"16635428864"	"1420193792"	"1268994048"
"08/05/2022 11:20:02.593"	"37.83788474317964301"	"1872"	"1947639808"	"16635428864"	"1420767232"	"1269567488"
"08/05/2022 11:20:03.586"	"40.919658367941714516"	"1872"	"1936945152"	"16635428864"	"1416724480"	"1265524736"
"08/05/2022 11:20:04.595"	"43.338822917569558513"	"1872"	"1937686528"	"16635428864"	"1417449472"	"1266249728"
"08/05/2022 11:20:05.590"	"45.534196897856283215"	"1872"	"1949605888"	"16635428864"	"1422708736"	"1271508992"
"08/05/2022 11:20:06.594"	"40.494207758361270066"	"1872"	"1950269440"	"16635428864"	"1423417344"	"1272217600"
"08/05/2022 11:20:07.588"	"39.27328364062761068"	"1872"	"1950613504"	"16635428864"	"1423757312"	"1272557568"
"08/05/2022 11:20:08.602"	"32.377760571036631632"	"1872"	"1940230144"	"16635428864"	"1419935744"	"1268736000"
"08/05/2022 11:20:09.597"	"32.954825299503490044"	"1872"	"1941073920"	"16644644864"	"1429008384"	"1269559296"
"08/05/2022 11:20:10.595"	"39.164456830466754411"	"1872"	"1941815296"	"16635428864"	"1421504512"	"1270304768"
"08/05/2022 11:20:11.590"	"32.95338560949628004"	"1872"	"1942462464"	"16635428864"	"1422147584"	"1270947840"
"08/05/2022 11:20:12.597"	"32.606006162969912054"	"1872"	"1954639872"	"16635428864"	"1425928192"	"1274728448"
"08/05/2022 11:20:13.592"	"31.386436840947602889"	"1872"	"1955221504"	"16635428864"	"1426513920"	"1275314176"
"08/05/2022 11:20:14.602"	"41.769094800474171336"	"1872"	"1943060480"	"16635428864"	"1422925824"	"1271726080"
"08/05/2022 11:20:15.597"	"33.003082902839025792"	"1872"	"1956175872"	"16635428864"	"1427525632"	"1276325888"
"08/05/2022 11:20:16.589"	"37.773011998823903923"	"1872"	"1944621056"	"16635428864"	"1424375808"	"1273176064"
"08/05/2022 11:20:17.595"	"32.62903347060150594"	"1872"	"1958535168"	"16635428864"	"1429774336"	"1278574592"
"08/05/2022 11:20:18.589"	"37.738997295975686086"	"1872"	"1947815936"	"16635428864"	"1427419136"	"1276219392"
"08/05/2022 11:20:19.592"	"37.364795487528382978"	"1872"	"1948090368"	"16635428864"	"1427685376"	"1276485632"
"08/05/2022 11:20:20.606"	"38.538982606376720241"	"1872"	"1960022016"	"16635428864"	"1431318528"	"1280118784"
"08/05/2022 11:20:21.601"	"28.274322351201163883"	"1872"	"1960640512"	"16635428864"	"1431928832"	"1280729088"
"08/05/2022 11:20:22.598"	"29.773990464901491038"	"1872"	"1950138368"	"16635428864"	"1429692416"	"1278492672"
"08/05/2022 11:20:23.591"	"51.93520259437804043"	"1872"	"1950810112"	"16635428864"	"1430380544"	"1279180800"
"08/05/2022 11:20:24.601"	"47.944652940102216121"	"1872"	"1951162368"	"16635428864"	"1430740992"	"1279541248"
"08/05/2022 11:20:25.597"	"47.077503882952520087"	"1872"	"1951780864"	"16635428864"	"1431347200"	"1280147456"
"08/05/2022 11:20:26.593"	"39.213483676198471528"	"1872"	"1952358400"	"16661225472"	"1439047680"	"1280688128"
"08/05/2022 11:20:27.604"	"40.160559197109115814"	"1872"	"1953136640"	"16652009472"	"1432653824"	"1281454080"
"08/05/2022 11:20:28.597"	"23.613163042505806999"	"1872"	"1953566720"	"16661225472"	"1437790208"	"1281896448"
"08/05/2022 11:20:29.591"	"28.293789430224951076"	"1868"	"1954205696"	"16650960896"	"1433751552"	"1282551808"
"08/05/2022 11:20:30.602"	"50.98981805646245391"	"1868"	"1954918400"	"16650960896"	"1434443776"	"1283244032"
"08/05/2022 11:20:31.596"	"39.300752954636898551"	"1868"	"1955606528"	"16650960896"	"1435111424"	"1283911680"
"08/05/2022 11:20:32.588"	"33.071209457342902738"	"1868"	"1967284224"	"16650960896"	"1438408704"	"1287208960"
"08/05/2022 11:20:33.605"	"36.862952879807600937"	"1868"	"1967943680"	"16650960896"	"1439055872"	"1287856128"
"08/05/2022 11:20:34.598"	"34.63654051744724427"	"1868"	"1968467968"	"16650960896"	"1439637504"	"1288437760"
"08/05/2022 11:20:35.597"	"40.670225290523056572"	"1868"	"1969090560"	"16650960896"	"1441988608"	"1290784768"
"08/05/2022 11:20:36.590"	"45.6454240292420792"	"1868"	"1958158336"	"16650960896"	"1437794304"	"1286590464"
"08/05/2022 11:20:37.600"	"34.009112958238787883"	"1868"	"1958981632"	"16650960896"	"1438588928"	"1287385088"
"08/05/2022 11:20:38.595"	"29.846504266831114904"	"1868"	"1970909184"	"16650960896"	"1442045952"	"1290842112"
"08/05/2022 11:20:39.591"	"25.093513487362002934"	"1868"	"1971453952"	"16650960896"	"1442574336"	"1291370496"
"08/05/2022 11:20:40.596"	"38.885756459739198476"	"1868"	"1971736576"	"16650960896"	"1442947072"	"1291743232"
"08/05/2022 11:20:41.587"	"25.209610347153478926"	"1868"	"1972486144"	"16650960896"	"1445384192"	"1294180352"
"08/05/2022 11:20:42.597"	"40.228256862346476908"	"1868"	"1961811968"	"16650960896"	"1441394688"	"1290190848"
"08/05/2022 11:20:43.592"	"47.113720510454420776"	"1868"	"1973944320"	"16650960896"	"1445109760"	"1293905920"
"08/05/2022 11:20:44.599"	"27.941694104168423252"	"1868"	"1974554624"	"16650960896"	"1446309888"	"1295106048"
"08/05/2022 11:20:45.594"	"37.664760729334403777"	"1868"	"1974849536"	"16652009472"	"1446580224"	"1295376384"
"08/05/2022 11:20:46.585"	"39.421101937999395659"	"1867"	"1975631872"	"16652009472"	"1446690816"	"1295486976"
"08/05/2022 11:20:47.596"	"52.561561089742390607"	"1867"	"1976049664"	"16652009472"	"1447084032"	"1295880192"
"08/05/2022 11:20:48.589"	"40.905575432448706863"	"1867"	"1965481984"	"16652009472"	"1444888576"	"1293684736"
"08/05/2022 11:20:49.602"	"29.315894650993474357"	"1867"	"1966026752"	"16652009472"	"1445416960"	"1294213120"
"08/05/2022 11:20:50.595"	"51.899760211784240482"	"1867"	"1966989312"	"16652009472"	"1446363136"	"1295159296"
"08/05/2022 11:20:51.586"	"58.35659942606883277"	"1867"	"1967464448"	"16652009472"	"1446825984"	"1295622144"
"08/05/2022 11:20:52.594"	"40.285557917542583084"	"1867"	"1968017408"	"16652009472"	"1447432192"	"1296228352"
"08/05/2022 11:20:53.583"	"45.822944692401001987"	"1867"	"1968566272"	"16652009472"	"1447976960"	"1296773120"
"08/05/2022 11:20:54.593"	"40.236831265102431132"	"1867"	"1969139712"	"16668590080"	"1448534016"	"1297330176"
"08/05/2022 11:20:55.584"	"50.454178423331143222"	"1867"	"1969762304"	"16668590080"	"1449140224"	"1297936384"
"08/05/2022 11:20:56.596"	"41.682833430803235331"	"1867"	"1970032640"	"16668590080"	"1449435136"	"1298231296"
"08/05/2022 11:20:57.593"	"28.201827418252804591"	"1867"	"1970712576"	"16668590080"	"1450082304"	"1298878464"
"08/05/2022 11:20:58.588"	"40.84153774899137801"	"1867"	"1971564544"	"16668590080"	"1450819584"	"1299615744"
"08/05/2022 11:20:59.601"	"27.760767624460036984"	"1867"	"1970831360"	"16668590080"	"1450233856"	"1299030016"
"08/05/2022 11:21:00.598"	"32.930033876913476831"	"1867"	"1972416512"	"16668590080"	"1451687936"	"1300484096"
"08/05/2022 11:21:01.592"	"55.006941813191744473"	"1867"	"1973174272"	"16668590080"	"1452396544"	"1301192704"
"08/05/2022 11:21:02.600"	"46.504101885005944439"	"1867"	"1973583872"	"16668590080"	"1452859392"	"1301655552"
"08/05/2022 11:21:03.592"	"44.090862045386678858"	"1867"	"1974132736"	"16668590080"	"1453408256"	"1302204416"
"08/05/2022 11:21:04.586"	"42.460884404236679757"	"1867"	"1986383872"	"16668590080"	"1456615424"	"1305411584"
"08/05/2022 11:21:05.596"	"29.389185076877154756"	"1867"	"1975668736"	"16668590080"	"1454866432"	"1303662592"
"08/05/2022 11:21:06.590"	"25.13566977762473087"	"1867"	"1976025088"	"16668590080"	"1455230976"	"1304027136"
"08/05/2022 11:21:07.603"	"33.961911086876988008"	"1867"	"1976573952"	"16668590080"	"1455837184"	"1304633344"
"08/05/2022 11:21:08.595"	"44.076825251557778529"	"1867"	"1977167872"	"16668590080"	"1456435200"	"1305231360"
"08/05/2022 11:21:09.585"	"33.156012871353659932"	"1867"	"1977438208"	"16668590080"	"1456697344"	"1305493504"
"08/05/2022 11:21:10.596"	"29.366948015630189417"	"1867"	"1978171392"	"16668590080"	"1457336320"	"1306132480"
"08/05/2022 11:21:11.591"	"50.220346793591566836"	"1867"	"1979002880"	"16668590080"	"1458143232"	"1306939392"
"08/05/2022 11:21:12.598"	"35.680822864559218033"	"1867"	"1979596800"	"16668590080"	"1458761728"	"1307557888"
"08/05/2022 11:21:13.592"	"66.042540755417974196"	"1867"	"1991139328"	"16668590080"	"1461948416"	"1310744576"
"08/05/2022 11:21:14.596"	"56.046813487065335835"	"1867"	"1992179712"	"16668590080"	"1464639488"	"1313435648"
"08/05/2022 11:21:15.589"	"36.16499226735859196"	"1868"	"1979985920"	"16668590080"	"1459236864"	"1308028928"
"08/05/2022 11:21:16.599"	"49.526060365333933078"	"1868"	"1980657664"	"16668590080"	"1459904512"	"1308696576"
"08/05/2022 11:21:17.595"	"32.955169519885487261"	"1868"	"1981546496"	"16668590080"	"1460760576"	"1309552640"
"08/05/2022 11:21:18.590"	"37.670326380730472238"	"1868"	"1981841408"	"16668590080"	"1461166080"	"1309958144"
"08/05/2022 11:21:19.584"	"44.027819946645323057"	"1868"	"1982464000"	"16668590080"	"1461768192"	"1310560256"
"08/05/2022 11:21:20.596"	"30.891033830476331445"	"1868"	"1982742528"	"16668590080"	"1462108160"	"1310900224"
"08/05/2022 11:21:21.590"	"53.411751671197158942"	"1868"	"1995845632"	"16668590080"	"1466679296"	"1315471360"
"08/05/2022 11:21:22.599"	"35.627685212163548556"	"1868"	"1996529664"	"16668590080"	"1467256832"	"1316048896"
"08/05/2022 11:21:23.593"	"26.73198613851541694"	"1868"	"1986019328"	"16685170688"	"1465106432"	"1313898496"
"08/05/2022 11:21:24.607"	"46.228248314776941186"	"1868"	"1997762560"	"16685170688"	"1468383232"	"1317171200"
"08/05/2022 11:21:25.603"	"43.893941402039708066"	"1868"	"1987125248"	"16685170688"	"1466126336"	"1314914304"
"08/05/2022 11:21:26.599"	"54.94311183920955699"	"1868"	"1998934016"	"16685170688"	"1469558784"	"1318346752"
"08/05/2022 11:21:27.590"	"39.406952228736159327"	"1868"	"1999626240"	"16685170688"	"1470230528"	"1319018496"
"08/05/2022 11:21:28.605"	"38.476222408670132324"	"1868"	"2000031744"	"16685170688"	"1470640128"	"1319428096"
"08/05/2022 11:21:29.598"	"47.230327926086324908"	"1868"	"2000732160"	"16685170688"	"1471311872"	"1320099840"
"08/05/2022 11:21:30.593"	"51.789706621921027363"	"1868"	"1990135808"	"16685170688"	"1469120512"	"1317908480"
"08/05/2022 11:21:31.584"	"45.753208631501209425"	"1868"	"1990688768"	"16685170688"	"1469661184"	"1318449152"
"08/05/2022 11:21:32.592"	"38.716379439449269739"	"1868"	"1991118848"	"16685170688"	"1470115840"	"1318903808"
"08/05/2022 11:21:33.598"	"46.607510177588785893"	"1868"	"2002944000"	"16685170688"	"1473544192"	"1322332160"
"08/05/2022 11:21:34.593"	"48.701643101690642368"	"1868"	"2003767296"	"16685170688"	"1474338816"	"1323126784"
"08/05/2022 11:21:35.605"	"20.060961620528676264"	"1868"	"2004316160"	"16685170688"	"1474871296"	"1323659264"
"08/05/2022 11:21:36.600"	"48.683116057131435639"	"1868"	"1993891840"	"16685170688"	"1472843776"	"1321631744"
"08/05/2022 11:21:37.592"	"37.797226046461560145"	"1868"	"1994170368"	"16685170688"	"1473114112"	"1321902080"
"08/05/2022 11:21:38.606"	"47.794407134245872726"	"1868"	"1994993664"	"16685170688"	"1473929216"	"1322717184"
"08/05/2022 11:21:39.597"	"61.512376214386797812"	"1868"	"1995542528"	"16685170688"	"1474461696"	"1323249664"
"08/05/2022 11:21:40.592"	"50.202063304801825439"	"1868"	"1995841536"	"16685170688"	"1474826240"	"1323614208"
"08/05/2022 11:21:41.601"	"41.847157071537189665"	"1868"	"1996824576"	"16685170688"	"1475764224"	"1324552192"
"08/05/2022 11:21:42.592"	"40.96389429752341016"	"1868"	"1997643776"	"16685170688"	"1476489216"	"1325277184"
"08/05/2022 11:21:43.599"	"48.097240879124719015"	"1868"	"1997987840"	"16685170688"	"1476820992"	"1325608960"
"08/05/2022 11:21:44.594"	"34.558651586259699684"	"1868"	"1998536704"	"16685170688"	"1477361664"	"1326149632"
"08/05/2022 11:21:45.590"	"42.377652765725080997"	"1868"	"1999097856"	"16685170688"	"1477910528"	"1326698496"
"08/05/2022 11:21:46.601"	"46.33198908788993009"	"1868"	"1999773696"	"16685170688"	"1478627328"	"1327415296"
"08/05/2022 11:21:47.590"	"53.732227907583606452"	"1868"	"2011516928"	"16685170688"	"1483694080"	"1332482048"
"08/05/2022 11:21:48.596"	"52.789129165683334577"	"1868"	"2012864512"	"16686256128"	"1485058048"	"1333846016"
"08/05/2022 11:21:49.589"	"26.762355921550955884"	"1868"	"2002128896"	"16686256128"	"1480962048"	"1329750016"
"08/05/2022 11:21:50.597"	"51.135001163274786506"	"1868"	"2003091456"	"16702836736"	"1481928704"	"1330716672"
"08/05/2022 11:21:51.586"	"26.861796826419649165"	"1868"	"2003369984"	"16702836736"	"1482194944"	"1330982912"
"08/05/2022 11:21:52.591"	"54.430625548847324069"	"1868"	"2014912512"	"16702836736"	"1484812288"	"1333600256"
"08/05/2022 11:21:53.599"	"32.557952162607087132"	"1868"	"2015465472"	"16702836736"	"1485348864"	"1334136832"
"08/05/2022 11:21:54.592"	"29.876721226214105087"	"1868"	"2004475904"	"16702836736"	"1483350016"	"1332137984"
"08/05/2022 11:21:55.598"	"37.292330200810745566"	"1868"	"2005016576"	"16702836736"	"1483882496"	"1332670464"
"08/05/2022 11:21:56.587"	"45.803809987449376706"	"1868"	"2005643264"	"16702836736"	"1484566528"	"1333354496"
"08/05/2022 11:21:57.600"	"37.027857785378635924"	"1868"	"2006257664"	"16702836736"	"1485164544"	"1333952512"
"08/05/2022 11:21:58.594"	"42.445248773175102031"	"1868"	"2018275328"	"16702836736"	"1490415616"	"1339203584"
"08/05/2022 11:21:59.589"	"54.934496483087258412"	"1868"	"2017542144"	"16702836736"	"1492099072"	"1340887040"
"08/05/2022 11:22:00.595"	"46.636621572494348698"	"1868"	"2019246080"	"16702836736"	"1493688320"	"1342476288"
"08/05/2022 11:22:01.587"	"37.784304218662903452"	"1868"	"2020077568"	"16702836736"	"1494495232"	"1343283200"
"08/05/2022 11:22:02.595"	"38.750984709022638697"	"1868"	"2009567232"	"16702836736"	"1488302080"	"1337090048"
"08/05/2022 11:22:03.591"	"50.222132492012171667"	"1868"	"2010124288"	"16702836736"	"1488871424"	"1337659392"
"08/05/2022 11:22:04.599"	"51.140057554570475418"	"1868"	"2022354944"	"16703885312"	"1492709376"	"1341497344"
"08/05/2022 11:22:05.590"	"39.399539420014576763"	"1870"	"2022649856"	"16713101312"	"1501122560"	"1341763584"
"08/05/2022 11:22:06.607"	"52.233371131449047198"	"1870"	"2011951104"	"16703885312"	"1490673664"	"1339461632"
"08/05/2022 11:22:07.600"	"40.918252935135527082"	"1870"	"2012635136"	"16703885312"	"1491337216"	"1340125184"
"08/05/2022 11:22:08.596"	"40.810840323581494715"	"1870"	"2013523968"	"16703885312"	"1492230144"	"1341018112"
"08/05/2022 11:22:09.587"	"34.68317737254373867"	"1870"	"2025336832"	"16703885312"	"1495638016"	"1344425984"
"08/05/2022 11:22:10.601"	"35.419329378918178008"	"1870"	"2025861120"	"16702836736"	"1496186880"	"1344974848"
"08/05/2022 11:22:11.590"	"20.539839046534858369"	"1870"	"2013855744"	"16702836736"	"1492697088"	"1341485056"
"08/05/2022 11:22:12.598"	"41.876092624804897468"	"1870"	"2014724096"	"16702836736"	"1493528576"	"1342316544"
"08/05/2022 11:22:13.588"	"28.413088831590144423"	"1870"	"2027548672"	"16702836736"	"1503084544"	"1351872512"
"08/05/2022 11:22:14.599"	"40.148977661257070793"	"1870"	"2028097536"	"16702836736"	"1506562048"	"1355350016"
"08/05/2022 11:22:15.594"	"45.557714397745868951"	"1869"	"2028654592"	"16702836736"	"1507102720"	"1355890688"
"08/05/2022 11:22:16.587"	"31.460410370599607432"	"1869"	"2029477888"	"16702836736"	"1507901440"	"1356689408"
"08/05/2022 11:22:17.599"	"47.884695136991005882"	"1869"	"2029821952"	"16702836736"	"1508233216"	"1357021184"
"08/05/2022 11:22:18.594"	"51.828541084239510894"	"1869"	"2030448640"	"16702836736"	"1508880384"	"1357668352"
"08/05/2022 11:22:19.587"	"39.31273341070582461"	"1869"	"2031075328"	"16719417344"	"1508712448"	"1357500416"
"08/05/2022 11:22:20.594"	"45.033575543158335108"	"1869"	"2031349760"	"16719417344"	"1508556800"	"1357344768"
"08/05/2022 11:22:21.587"	"33.022300582289460635"	"1869"	"2031902720"	"16719417344"	"1509089280"	"1357877248"
"08/05/2022 11:22:22.594"	"46.569573452511704659"	"1869"	"2032451584"	"16719417344"	"1509646336"	"1358434304"
"08/05/2022 11:22:23.587"	"31.450585544485619494"	"1869"	"2033000448"	"16719417344"	"1510178816"	"1358966784"
"08/05/2022 11:22:24.604"	"49.175310374888965725"	"1869"	"2022010880"	"16719417344"	"1499525120"	"1348313088"
"08/05/2022 11:22:25.595"	"39.418619635371840104"	"1869"	"2033831936"	"16719417344"	"1502941184"	"1351729152"
"08/05/2022 11:22:26.589"	"28.301579213025913617"	"1869"	"2021556224"	"16719417344"	"1499201536"	"1347989504"
"08/05/2022 11:22:27.600"	"52.569846648438492309"	"1869"	"2023383040"	"16719417344"	"1498009600"	"1346797568"
"08/05/2022 11:22:28.595"	"47.076373896981728251"	"1869"	"2035908608"	"16728633344"	"1511387136"	"1351380992"
"08/05/2022 11:22:29.587"	"33.087373354139515413"	"1869"	"2023604224"	"16719417344"	"1498816512"	"1347604480"
"08/05/2022 11:22:30.603"	"44.598570542610936229"	"1869"	"2024153088"	"16719417344"	"1499262976"	"1348050944"
"08/05/2022 11:22:31.593"	"34.710529331785707541"	"1869"	"2024701952"	"16719417344"	"1499795456"	"1348583424"
"08/05/2022 11:22:32.589"	"40.814878979990716346"	"1869"	"2025254912"	"16719417344"	"1500340224"	"1349128192"
"08/05/2022 11:22:33.593"	"37.344285532614655665"	"1869"	"2026086400"	"16719417344"	"1501147136"	"1349935104"
"08/05/2022 11:22:34.607"	"43.143684543634485351"	"1869"	"2039451648"	"16719417344"	"1505972224"	"1354760192"
"08/05/2022 11:22:35.599"	"40.92688901141490021"	"1869"	"2039730176"	"16719417344"	"1507971072"	"1356759040"
"08/05/2022 11:22:36.587"	"42.732562379665104402"	"1869"	"2040557568"	"16719417344"	"1508769792"	"1357557760"
"08/05/2022 11:22:37.604"	"43.008964149496996754"	"1869"	"2041106432"	"16719417344"	"1509302272"	"1358090240"
"08/05/2022 11:22:38.595"	"33.105276443813799858"	"1869"	"2041651200"	"16719417344"	"1508118528"	"1356906496"
"08/05/2022 11:22:39.585"	"48.929169654187063543"	"1869"	"2041925632"	"16719417344"	"1508450304"	"1357238272"
"08/05/2022 11:22:40.594"	"34.08337919923344117"	"1869"	"2029924352"	"16719417344"	"1504948224"	"1353736192"
"08/05/2022 11:22:41.587"	"44.023549127211751397"	"1869"	"2030473216"	"16719417344"	"1505480704"	"1354268672"
"08/05/2022 11:22:42.597"	"58.817247802538084045"	"1869"	"2043576320"	"16719417344"	"1512366080"	"1361154048"
"08/05/2022 11:22:43.593"	"45.48527582020304294"	"1867"	"2044100608"	"16718368768"	"1513955328"	"1362743296"
"08/05/2022 11:22:44.589"	"37.664246245025303494"	"1867"	"2044649472"	"16718368768"	"1517961216"	"1366749184"
"08/05/2022 11:22:45.598"	"40.264695399685457744"	"1867"	"2045218816"	"16719417344"	"1513848832"	"1362636800"
"08/05/2022 11:22:46.594"	"39.203459960634454262"	"1867"	"2045771776"	"16719417344"	"1514385408"	"1363173376"
"08/05/2022 11:22:47.589"	"39.256399132233845251"	"1867"	"2035081216"	"16728633344"	"1510592512"	"1358520320"
"08/05/2022 11:22:48.598"	"49.574428320086219912"	"1867"	"2035605504"	"16719417344"	"1510260736"	"1359048704"
"08/05/2022 11:22:49.596"	"26.614875413325883358"	"1867"	"2036158464"	"16735997952"	"1510658048"	"1359446016"
"08/05/2022 11:22:50.589"	"45.60201350312730284"	"1867"	"2036719616"	"16735997952"	"1511198720"	"1359986688"
"08/05/2022 11:22:51.600"	"49.46386610171017395"	"1867"	"2037268480"	"16735997952"	"1511731200"	"1360519168"
"08/05/2022 11:22:52.595"	"29.829830051105847843"	"1867"	"2049081344"	"16735997952"	"1515143168"	"1363931136"
"08/05/2022 11:22:53.589"	"34.614867183635723791"	"1867"	"2049634304"	"16735997952"	"1515679744"	"1364467712"
"08/05/2022 11:22:54.602"	"60.123677920404986708"	"1867"	"2049904640"	"16735997952"	"1515941888"	"1364729856"
"08/05/2022 11:22:55.594"	"36.233348917244192933"	"1867"	"2039463936"	"16735997952"	"1513857024"	"1362644992"
"08/05/2022 11:22:56.587"	"26.753377321173378078"	"1867"	"2040012800"	"16735997952"	"1514389504"	"1363177472"
"08/05/2022 11:22:57.597"	"43.287734610864042395"	"1867"	"2051829760"	"16735997952"	"1517805568"	"1366593536"
"08/05/2022 11:22:58.588"	"39.437403791664706887"	"1867"	"2040836096"	"16735997952"	"1515188224"	"1363976192"
"08/05/2022 11:22:59.599"	"38.645790173714864579"	"1867"	"2052661248"	"16735997952"	"1518608384"	"1367396352"
"08/05/2022 11:23:00.591"	"34.649301192893538826"	"1867"	"2053480448"	"16735997952"	"1519403008"	"1368190976"
"08/05/2022 11:23:01.601"	"41.745688678440586727"	"1867"	"2041479168"	"16735997952"	"1515900928"	"1364688896"
"08/05/2022 11:23:02.590"	"25.284902698131737964"	"1867"	"2041761792"	"16735997952"	"1516171264"	"1364959232"
"08/05/2022 11:23:03.598"	"41.862114159064425678"	"1867"	"2042298368"	"16735997952"	"1516691456"	"1365479424"
"08/05/2022 11:23:04.592"	"42.456564230152167738"	"1867"	"2042847232"	"16735997952"	"1517223936"	"1366011904"
"08/05/2022 11:23:05.598"	"35.697541128533991639"	"1867"	"2043412480"	"16735997952"	"1517772800"	"1366560768"
"08/05/2022 11:23:06.598"	"39.077208661340129936"	"1867"	"2043670528"	"16735997952"	"1518022656"	"1366810624"
"08/05/2022 11:23:07.588"	"42.626213249383987147"	"1867"	"2056785920"	"16735997952"	"1522601984"	"1371389952"
"08/05/2022 11:23:08.594"	"35.699126224461402046"	"1867"	"2057355264"	"16745213952"	"1531985920"	"1371922432"
"08/05/2022 11:23:09.588"	"28.291612133012520758"	"1867"	"2045325312"	"16735997952"	"1519624192"	"1368412160"
"08/05/2022 11:23:10.600"	"40.159792974166549584"	"1867"	"2058428416"	"16735997952"	"1524195328"	"1372983296"
"08/05/2022 11:23:11.596"	"32.947509007660691793"	"1867"	"2058711040"	"16735997952"	"1524465664"	"1373253632"
"08/05/2022 11:23:12.590"	"36.164926758412960339"	"1867"	"2047987712"	"16735997952"	"1522110464"	"1370898432"
"08/05/2022 11:23:13.601"	"40.171074887980793733"	"1867"	"2048819200"	"16735997952"	"1522917376"	"1371705344"
"08/05/2022 11:23:14.593"	"39.38852671331142119"	"1867"	"2060906496"	"16735997952"	"1526591488"	"1375379456"
"08/05/2022 11:23:15.600"	"29.479009703869387238"	"1869"	"2061193216"	"16735997952"	"1527025664"	"1375657984"
"08/05/2022 11:23:16.591"	"33.10605803783307266"	"1869"	"2049183744"	"16735997952"	"1523515392"	"1372147712"
"08/05/2022 11:23:17.599"	"48.046230715544893997"	"1869"	"2062839808"	"16735997952"	"1528041472"	"1376673792"
"08/05/2022 11:23:18.589"	"29.990784810474401922"	"1869"	"2063388672"	"16735997952"	"1529159680"	"1377783808"
"08/05/2022 11:23:19.601"	"33.948400998216314406"	"1869"	"2063663104"	"16735997952"	"1529425920"	"1378050048"
"08/05/2022 11:23:20.594"	"29.908554123526986501"	"1869"	"2064224256"	"16752578560"	"1529974784"	"1378598912"
"08/05/2022 11:23:21.594"	"29.699097497572800819"	"1869"	"2064769024"	"16752578560"	"1530499072"	"1379123200"
"08/05/2022 11:23:22.587"	"39.339754789832298343"	"1869"	"2054057984"	"16752578560"	"1528156160"	"1376780288"
"08/05/2022 11:23:23.594"	"32.572499310579786425"	"1869"	"2054324224"	"16752578560"	"1528414208"	"1377038336"
"08/05/2022 11:23:24.590"	"32.927651289323897288"	"1869"	"2066141184"	"16752578560"	"1534713856"	"1383337984"
"08/05/2022 11:23:25.600"	"30.967336347289215581"	"1869"	"2066702336"	"16752578560"	"1535385600"	"1384009728"
"08/05/2022 11:23:26.593"	"45.613875436395815655"	"1869"	"2065965056"	"16752578560"	"1531297792"	"1379921920"
"08/05/2022 11:23:27.587"	"47.145848183227826667"	"1869"	"2067800064"	"16752578560"	"1540485120"	"1389109248"
"08/05/2022 11:23:28.600"	"30.846707067133589675"	"1869"	"2060914688"	"16752578560"	"1534980096"	"1383604224"
"08/05/2022 11:23:29.587"	"28.492057478078592681"	"1869"	"2068619264"	"16752578560"	"1542434816"	"1391058944"
"08/05/2022 11:23:30.601"	"35.444474449305054975"	"1869"	"2069176320"	"16752578560"	"1542971392"	"1391595520"
"08/05/2022 11:23:31.597"	"36.112334255062464194"	"1869"	"2058452992"	"16752578560"	"1532538880"	"1381163008"
"08/05/2022 11:23:32.586"	"45.787809514224306895"	"1869"	"2058731520"	"16752578560"	"1532809216"	"1381433344"
"08/05/2022 11:23:33.594"	"31.004051063721711046"	"1869"	"2059550720"	"16752578560"	"1533603840"	"1382227968"
"08/05/2022 11:23:34.586"	"33.089829167233503426"	"1869"	"2060103680"	"16752578560"	"1534005248"	"1382629376"
"08/05/2022 11:23:35.596"	"43.314211387806146547"	"1869"	"2071920640"	"16752578560"	"1537421312"	"1386045440"
"08/05/2022 11:23:36.590"	"23.572898011599022539"	"1869"	"2060926976"	"16752578560"	"1534279680"	"1382903808"
"08/05/2022 11:23:37.599"	"49.549000046675153897"	"1869"	"2061475840"	"16752578560"	"1534812160"	"1383436288"
"08/05/2022 11:23:38.589"	"28.414357610728856685"	"1869"	"2062028800"	"16752578560"	"1535348736"	"1383972864"
"08/05/2022 11:23:39.600"	"27.827052961238717188"	"1869"	"2073575424"	"16752578560"	"1538592768"	"1387216896"
"08/05/2022 11:23:40.590"	"34.711514246009365081"	"1869"	"2074120192"	"16752578560"	"1540849664"	"1389473792"
"08/05/2022 11:23:41.598"	"35.641741266794021215"	"1869"	"2074677248"	"16752578560"	"1541390336"	"1390014464"
"08/05/2022 11:23:42.592"	"40.863643679085861038"	"1869"	"2075226112"	"16752578560"	"1541922816"	"1390546944"
"08/05/2022 11:23:43.603"	"44.85596495983182308"	"1869"	"2075496448"	"16752578560"	"1539133440"	"1387757568"
"08/05/2022 11:23:44.599"	"34.490778645758076948"	"1869"	"2076045312"	"16752578560"	"1537024000"	"1385648128"
"08/05/2022 11:23:45.591"	"44.091741863662690548"	"1869"	"2076602368"	"16752578560"	"1537568768"	"1386192896"
"08/05/2022 11:23:46.600"	"40.297302337392324034"	"1869"	"2064588800"	"16752578560"	"1534054400"	"1382678528"
"08/05/2022 11:23:47.594"	"34.573305566065840821"	"1869"	"2065141760"	"16752578560"	"1534586880"	"1383211008"
"08/05/2022 11:23:48.590"	"37.635593516320597018"	"1869"	"2078248960"	"16752578560"	"1539203072"	"1387827200"
"08/05/2022 11:23:49.602"	"32.417550498763461064"	"1869"	"2078519296"	"16752578560"	"1539465216"	"1388089344"
"08/05/2022 11:23:50.596"	"40.88521394414752308"	"1869"	"2079068160"	"16752578560"	"1542303744"	"1390927872"
"08/05/2022 11:23:51.591"	"39.265348718012120344"	"1869"	"2079621120"	"16752578560"	"1542836224"	"1391460352"
"08/05/2022 11:23:52.601"	"35.561930452491239407"	"1869"	"2079899648"	"16752578560"	"1540800512"	"1389424640"
"08/05/2022 11:23:53.593"	"37.801832511874309262"	"1869"	"2080452608"	"16769159168"	"1541341184"	"1389965312"
"08/05/2022 11:23:54.589"	"37.677021718843818121"	"1869"	"2081001472"	"16769159168"	"1541296128"	"1389920256"
"08/05/2022 11:23:55.603"	"33.909052321149843578"	"1869"	"2081550336"	"16769159168"	"1544130560"	"1392754688"
"08/05/2022 11:23:56.598"	"32.957109203764275662"	"1869"	"2070556672"	"16769159168"	"1539874816"	"1388498944"
"08/05/2022 11:23:57.594"	"25.113911680600871534"	"1869"	"2071105536"	"16769159168"	"1540407296"	"1389031424"
"08/05/2022 11:23:58.587"	"45.621498974705573914"	"1869"	"2071379968"	"16769159168"	"1540390912"	"1389015040"
"08/05/2022 11:23:59.596"	"55.758687897460312399"	"1869"	"2071928832"	"16769159168"	"1540055040"	"1388679168"
"08/05/2022 11:24:00.592"	"51.732986055546049897"	"1869"	"2083749888"	"16769159168"	"1539866624"	"1388490752"
"08/05/2022 11:24:01.598"	"46.61353999282623306"	"1869"	"2084306944"	"16769159168"	"1540407296"	"1389031424"
"08/05/2022 11:24:02.595"	"45.462936858063329737"	"1869"	"2084569088"	"16769159168"	"1543544832"	"1392168960"
"08/05/2022 11:24:03.590"	"43.940323115542661014"	"1869"	"2077966336"	"16769159168"	"1537159168"	"1385783296"
"08/05/2022 11:24:04.601"	"52.554068367476247658"	"1869"	"2078793728"	"16769159168"	"1537957888"	"1386582016"
"08/05/2022 11:24:05.596"	"31.400868613339650182"	"1869"	"2079068160"	"16769159168"	"1542266880"	"1390886912"
"08/05/2022 11:24:06.588"	"26.790508661112998112"	"1869"	"2086776832"	"16769159168"	"1546842112"	"1395462144"
"08/05/2022 11:24:07.601"	"30.845836261220110686"	"1869"	"2087325696"	"16769159168"	"1551413248"	"1400033280"
"08/05/2022 11:24:08.594"	"37.744736873890303741"	"1869"	"2087604224"	"16769159168"	"1551683584"	"1400303616"
"08/05/2022 11:24:09.593"	"42.232152054367084304"	"1869"	"2088153088"	"16769159168"	"1552211968"	"1400832000"
"08/05/2022 11:24:10.589"	"45.519115818612263524"	"1869"	"2077433856"	"16769159168"	"1541783552"	"1390403584"
"08/05/2022 11:24:11.599"	"29.376543412668226551"	"1871"	"2077982720"	"16769159168"	"1542316032"	"1390936064"
"08/05/2022 11:24:12.591"	"44.102702543047513473"	"1869"	"2078539776"	"16769159168"	"1542852608"	"1391472640"
"08/05/2022 11:24:13.602"	"57.221527508200807688"	"1869"	"2090078208"	"16769159168"	"1545998336"	"1394618368"
"08/05/2022 11:24:14.597"	"23.538964707371125229"	"1869"	"2090627072"	"16769159168"	"1546530816"	"1395150848"
"08/05/2022 11:24:15.589"	"61.482536538157106065"	"1869"	"2078896128"	"16769159168"	"1543290880"	"1391910912"
"08/05/2022 11:24:16.600"	"50.974085738684074443"	"1869"	"2079453184"	"16769159168"	"1543827456"	"1392447488"
"08/05/2022 11:24:17.592"	"42.518887960878288368"	"1871"	"2079727616"	"16769159168"	"1544159232"	"1392717824"
"08/05/2022 11:24:18.609"	"41.500014903116458242"	"1871"	"2080272384"	"16769159168"	"1544687616"	"1393246208"
"08/05/2022 11:24:19.585"	"48.039831399920139177"	"1871"	"2093649920"	"16769159168"	"1549524992"	"1398083584"
"08/05/2022 11:24:20.594"	"35.618588963713392559"	"1871"	"2093924352"	"16769159168"	"1549832192"	"1398390784"
"08/05/2022 11:24:21.588"	"34.560062221181986786"	"1871"	"2082934784"	"16769159168"	"1547345920"	"1395904512"
"08/05/2022 11:24:22.595"	"44.99455050828823488"	"1871"	"2082934784"	"16769159168"	"1547362304"	"1395920896"
"08/05/2022 11:24:23.590"	"36.11317615673203818"	"1871"	"2083209216"	"16769159168"	"1547628544"	"1396187136"
"08/05/2022 11:24:24.597"	"32.591105362164277892"	"1871"	"2083209216"	"16769159168"	"1547640832"	"1396199424"
"08/05/2022 11:24:25.592"	"53.392330057364212337"	"1870"	"2083180544"	"16768110592"	"1547624448"	"1396183040"
"08/05/2022 11:24:26.600"	"38.753106821072606181"	"1870"	"2083188736"	"16768110592"	"1547632640"	"1396191232"
"08/05/2022 11:24:27.596"	"25.117497139870597067"	"1870"	"2094444544"	"16768110592"	"1552232448"	"1400791040"
"08/05/2022 11:24:28.588"	"31.482085937531483211"	"1870"	"2083188736"	"16768110592"	"1547644928"	"1396203520"
"08/05/2022 11:24:29.595"	"49.641868666876554528"	"1870"	"2094456832"	"16768110592"	"1552257024"	"1400815616"
"08/05/2022 11:24:30.597"	"35.877090155596008003"	"1870"	"2094456832"	"16768110592"	"1552257024"	"1400815616"
"08/05/2022 11:24:31.588"	"36.281378533881984083"	"1870"	"2094452736"	"16768110592"	"1552252928"	"1400811520"
"08/05/2022 11:24:32.595"	"31.02208385214666464"	"1866"	"2094419968"	"16767062016"	"1552236544"	"1400795136"
"08/05/2022 11:24:33.593"	"36.010146870296132704"	"1866"	"2094419968"	"16767062016"	"1558581248"	"1407139840"
"08/05/2022 11:24:34.589"	"48.642498947564618561"	"1866"	"2094428160"	"16767062016"	"1558638592"	"1407197184"
"08/05/2022 11:24:35.596"	"32.585444621874778193"	"1866"	"2094419968"	"16767062016"	"1558630400"	"1407188992"
"08/05/2022 11:24:36.591"	"37.681277087814059712"	"1866"	"2094419968"	"16767062016"	"1558630400"	"1407188992"
"08/05/2022 11:24:37.600"	"35.597437677863368322"	"1866"	"2083151872"	"16767062016"	"1547673600"	"1396232192"
"08/05/2022 11:24:38.599"	"46.964194398000678632"	"1866"	"2083151872"	"16767062016"	"1547673600"	"1396232192"
"08/05/2022 11:24:39.593"	"39.273907516772034398"	"1866"	"2083151872"	"16767062016"	"1547673600"	"1396232192"
"08/05/2022 11:24:40.589"	"53.357462456685034624"	"1866"	"2083151872"	"16767062016"	"1547673600"	"1396232192"
"08/05/2022 11:24:41.598"	"40.270929929870590058"	"1866"	"2083151872"	"16767062016"	"1547673600"	"1396232192"
"08/05/2022 11:24:42.594"	"47.02611371380795191"	"1866"	"2094419968"	"16767062016"	"1550557184"	"1399115776"
"08/05/2022 11:24:43.592"	"32.890625101804317865"	"1866"	"2081865728"	"16767062016"	"1546518528"	"1395077120"
"08/05/2022 11:24:44.601"	"44.904324183603463894"	"1866"	"2083155968"	"16767062016"	"1547100160"	"1395658752"
"08/05/2022 11:24:45.598"	"25.087258502523479109"	"1866"	"2094690304"	"16767062016"	"1550819328"	"1399377920"
"08/05/2022 11:24:46.593"	"53.383772498810735385"	"1866"	"2082144256"	"16767062016"	"1546792960"	"1395351552"
"08/05/2022 11:24:47.608"	"44.654238474377656587"	"1866"	"2094690304"	"16767062016"	"1550823424"	"1399382016"
"08/05/2022 11:24:48.601"	"67.642497257804620858"	"1866"	"2094698496"	"16767062016"	"1550831616"	"1399390208"
"08/05/2022 11:24:49.601"	"35.938912399257290531"	"1866"	"2083426304"	"16767062016"	"1547943936"	"1396502528"
"08/05/2022 11:24:50.592"	"45.722655077371562982"	"1866"	"2083426304"	"16767062016"	"1547943936"	"1396502528"
"08/05/2022 11:24:51.604"	"50.932158513026926983"	"1866"	"2094694400"	"16767062016"	"1552560128"	"1401118720"
"08/05/2022 11:24:52.601"	"32.920974611344377081"	"1866"	"2094972928"	"16767062016"	"1552830464"	"1401389056"
"08/05/2022 11:24:53.597"	"48.627497357675913747"	"1866"	"2083700736"	"16767062016"	"1548210176"	"1396768768"
"08/05/2022 11:24:54.592"	"29.843908942376096149"	"1866"	"2094972928"	"16767062016"	"1551097856"	"1399656448"
"08/05/2022 11:24:55.599"	"49.629426994517338301"	"1866"	"2094968832"	"16767062016"	"1551093760"	"1399652352"
"08/05/2022 11:24:56.596"	"54.865742337130640749"	"1866"	"2094989312"	"16776278016"	"1558724608"	"1402535936"
"08/05/2022 11:24:57.586"	"53.634349325236975403"	"1866"	"2094972928"	"16767062016"	"1553981440"	"1402540032"
"08/05/2022 11:24:58.600"	"36.998799462955027195"	"1866"	"2094964736"	"16767062016"	"1551089664"	"1399648256"
"08/05/2022 11:24:59.594"	"31.446999729807380675"	"1866"	"2094968832"	"16767062016"	"1551093760"	"1399652352"
"08/05/2022 11:25:00.589"	"36.110505431522419428"	"1866"	"2082410496"	"16767062016"	"1547051008"	"1395609600"
"08/05/2022 11:25:01.599"	"40.20295739387062639"	"1866"	"2082418688"	"16767062016"	"1547059200"	"1395617792"
"08/05/2022 11:25:02.596"	"50.166557989179871413"	"1866"	"2082418688"	"16767062016"	"1547059200"	"1395617792"
"08/05/2022 11:25:03.589"	"42.475090341685486806"	"1866"	"2094968832"	"16767062016"	"1551093760"	"1399652352"
"08/05/2022 11:25:04.600"	"49.476734060575353169"	"1866"	"2094968832"	"16767062016"	"1551093760"	"1399652352"
"08/05/2022 11:25:05.597"	"26.649617599934181555"	"1866"	"2094964736"	"16767062016"	"1551089664"	"1399648256"
"08/05/2022 11:25:06.587"	"41.005005689223743559"	"1866"	"2094989312"	"16776278016"	"1557114880"	"1399652352"
"08/05/2022 11:25:07.597"	"32.494164419432145507"	"1866"	"2082414592"	"16767062016"	"1547055104"	"1395613696"
"08/05/2022 11:25:08.596"	"51.633278898714365823"	"1866"	"2082414592"	"16767062016"	"1547120640"	"1395679232"
"08/05/2022 11:25:09.586"	"31.570216708069953171"	"1866"	"2082414592"	"16767062016"	"1547186176"	"1395744768"
"08/05/2022 11:25:10.593"	"35.667872286239401092"	"1866"	"2082410496"	"16767062016"	"1547182080"	"1395740672"
"08/05/2022 11:25:11.592"	"48.50264875781149243"	"1866"	"2082410496"	"16767062016"	"1547182080"	"1395740672"
"08/05/2022 11:25:12.602"	"49.48055804965057547"	"1866"	"2082414592"	"16767062016"	"1547186176"	"1395744768"
"08/05/2022 11:25:13.600"	"37.586689941681491689"	"1866"	"2094964736"	"16767062016"	"1552949248"	"1401507840"
"08/05/2022 11:25:14.594"	"56.566944590540799709"	"1866"	"2094989312"	"16776278016"	"1561620480"	"1401511936"
"08/05/2022 11:25:15.589"	"50.298734242412535878"	"1866"	"2094977024"	"16767062016"	"1552965632"	"1401524224"
"08/05/2022 11:25:16.600"	"38.607800490503144886"	"1866"	"2094968832"	"16767062016"	"1552957440"	"1401516032"
"08/05/2022 11:25:17.594"	"31.435431322283886146"	"1866"	"2083700736"	"16767062016"	"1548341248"	"1396899840"
"08/05/2022 11:25:18.590"	"32.966347349812103573"	"1866"	"2083708928"	"16767062016"	"1548349440"	"1396908032"
"08/05/2022 11:25:19.597"	"46.519096349558431314"	"1866"	"2083700736"	"16767062016"	"1548341248"	"1396899840"
"08/05/2022 11:25:20.587"	"33.166552952770828711"	"1866"	"2083708928"	"16767062016"	"1548349440"	"1396908032"
"08/05/2022 11:25:21.594"	"52.757748040117938615"	"1866"	"2083704832"	"16767062016"	"1548345344"	"1396903936"
"08/05/2022 11:25:22.589"	"51.819306117255891309"	"1866"	"2094972928"	"16767062016"	"1551228928"	"1399787520"
"08/05/2022 11:25:23.598"	"46.429504263639948647"	"1866"	"2094972928"	"16767062016"	"1551228928"	"1399787520"
"08/05/2022 11:25:24.592"	"37.720373739498270993"	"1866"	"2083700736"	"16767062016"	"1548341248"	"1396899840"
"08/05/2022 11:25:25.602"	"35.604441809536865549"	"1866"	"2083704832"	"16767062016"	"1548345344"	"1396903936"
"08/05/2022 11:25:26.604"	"52.998571906716527735"	"1866"	"2094972928"	"16767062016"	"1551233024"	"1399791616"
"08/05/2022 11:25:27.594"	"41.052549992405914736"	"1866"	"2083704832"	"16767062016"	"1548349440"	"1396908032"
"08/05/2022 11:25:28.590"	"53.303566949280089204"	"1866"	"2094968832"	"16767062016"	"1551228928"	"1399787520"
"08/05/2022 11:25:29.600"	"35.590126132892514477"	"1866"	"2082414592"	"16767062016"	"1547190272"	"1395748864"
"08/05/2022 11:25:30.593"	"40.926818918798574032"	"1866"	"2082414592"	"16767062016"	"1547190272"	"1395748864"
"08/05/2022 11:25:31.604"	"57.153169604805043491"	"1866"	"2082414592"	"16767062016"	"1547190272"	"1395748864"
"08/05/2022 11:25:32.600"	"32.969053550785908158"	"1866"	"2082414592"	"16767062016"	"1547190272"	"1395748864"
"08/05/2022 11:25:33.594"	"47.123880060149673454"	"1866"	"2082414592"	"16767062016"	"1547190272"	"1395748864"
"08/05/2022 11:25:34.588"	"31.450993866502656715"	"1866"	"2094972928"	"16767062016"	"1551233024"	"1399791616"
"08/05/2022 11:25:35.598"	"32.479529606334736513"	"1866"	"2094968832"	"16767062016"	"1551228928"	"1399787520"
"08/05/2022 11:25:36.592"	"40.859439204322640649"	"1866"	"2082414592"	"16767062016"	"1547190272"	"1395748864"
"08/05/2022 11:25:37.607"	"60.035780586327533115"	"1866"	"2082414592"	"16767062016"	"1547190272"	"1395748864"
"08/05/2022 11:25:38.599"	"31.523634605465822744"	"1866"	"2094972928"	"16767062016"	"1551233024"	"1399791616"
"08/05/2022 11:25:39.592"	"28.324306817350969112"	"1866"	"2094968832"	"16767062016"	"1551228928"	"1399787520"
"08/05/2022 11:25:40.596"	"49.766758134650338263"	"1866"	"2082414592"	"16767062016"	"1547190272"	"1395748864"
"08/05/2022 11:25:41.586"	"41.043815194627498499"	"1866"	"2082418688"	"16767062016"	"1547194368"	"1395752960"
"08/05/2022 11:25:42.592"	"41.940470628001072839"	"1866"	"2095243264"	"16767062016"	"1553223680"	"1401782272"
"08/05/2022 11:25:43.601"	"35.630111898628150868"	"1866"	"2095243264"	"16767062016"	"1553223680"	"1401782272"
"08/05/2022 11:25:44.604"	"32.691853982064586148"	"1866"	"2083975168"	"16767062016"	"1548611584"	"1397170176"
"08/05/2022 11:25:45.606"	"37.438230663228736717"	"1866"	"2083971072"	"16767062016"	"1548607488"	"1397166080"
"08/05/2022 11:25:46.596"	"33.162822103858530909"	"1866"	"2095243264"	"16767062016"	"1551495168"	"1400053760"
"08/05/2022 11:25:47.584"	"47.407830833082257982"	"1866"	"2095247360"	"16767062016"	"1551499264"	"1400057856"
"08/05/2022 11:25:48.593"	"49.591406483699500995"	"1866"	"2095243264"	"16767062016"	"1551495168"	"1400053760"
"08/05/2022 11:25:49.599"	"46.567375914707440643"	"1866"	"2095251456"	"16767062016"	"1552240640"	"1400799232"
"08/05/2022 11:25:50.593"	"37.738488377300349441"	"1866"	"2083971072"	"16767062016"	"1548767232"	"1397325824"
"08/05/2022 11:25:51.601"	"48.046445178051321534"	"1866"	"2083971072"	"16767062016"	"1548767232"	"1397325824"
"08/05/2022 11:25:52.591"	"37.864854377323574397"	"1866"	"2095378432"	"16767062016"	"1551699968"	"1400258560"
"08/05/2022 11:25:53.599"	"32.564029938761265726"	"1866"	"2082828288"	"16767062016"	"1547665408"	"1396224000"
"08/05/2022 11:25:54.594"	"32.99216875259286752"	"1866"	"2095378432"	"16767062016"	"1551712256"	"1400270848"
"08/05/2022 11:25:55.587"	"25.154908960359684045"	"1866"	"2095382528"	"16767062016"	"1551716352"	"1400274944"
"08/05/2022 11:25:56.599"	"32.419340926778680512"	"1866"	"2082820096"	"16767062016"	"1547681792"	"1396240384"
"08/05/2022 11:25:57.594"	"43.994667544615872146"	"1866"	"2082844672"	"16776278016"	"1548529664"	"1396244480"
"08/05/2022 11:25:58.590"	"42.338117854266556606"	"1866"	"2095378432"	"16767062016"	"1551724544"	"1400283136"
"08/05/2022 11:25:59.601"	"37.104679325529936307"	"1866"	"2095378432"	"16767062016"	"1551724544"	"1400283136"
"08/05/2022 11:26:00.596"	"37.690938525476205712"	"1866"	"2082955264"	"16767062016"	"1547812864"	"1396371456"
"08/05/2022 11:26:01.592"	"50.21971628069968574"	"1866"	"2082955264"	"16767062016"	"1547812864"	"1396371456"
"08/05/2022 11:26:02.601"	"34.056530571321459888"	"1866"	"2095513600"	"16767062016"	"1551933440"	"1400492032"
"08/05/2022 11:26:03.598"	"36.058631761676998906"	"1866"	"2095513600"	"16767062016"	"1553661952"	"1402220544"
"08/05/2022 11:26:04.592"	"32.990357615979263528"	"1862"	"2088325120"	"16766013440"	"1551753216"	"1400311808"
"08/05/2022 11:26:05.605"	"30.860942272953334253"	"1862"	"2088329216"	"16766013440"	"1552912384"	"1401470976"
"08/05/2022 11:26:06.595"	"42.593471151587117163"	"1862"	"2088337408"	"16766013440"	"1552920576"	"1401479168"
"08/05/2022 11:26:07.588"	"42.499240428390329782"	"1862"	"2095484928"	"16766013440"	"1556373504"	"1404932096"
"08/05/2022 11:26:08.598"	"49.500176913632287778"	"1862"	"2095489024"	"16766013440"	"1559851008"	"1408409600"
"08/05/2022 11:26:09.589"	"40.982159520218708337"	"1862"	"2095493120"	"16766013440"	"1559855104"	"1408413696"
"08/05/2022 11:26:10.599"	"37.139409756730920265"	"1862"	"2084220928"	"16766013440"	"1548890112"	"1397448704"
"08/05/2022 11:26:11.594"	"47.121108839357077613"	"1862"	"2084225024"	"16766013440"	"1548894208"	"1397452800"
"08/05/2022 11:26:12.588"	"39.307301945788175601"	"1862"	"2084225024"	"16766013440"	"1548894208"	"1397452800"
"08/05/2022 11:26:13.595"	"41.874068410540267848"	"1862"	"2095493120"	"16766013440"	"1551777792"	"1400336384"
"08/05/2022 11:26:14.583"	"47.436611531240664874"	"1862"	"2095566848"	"16766013440"	"1551851520"	"1400410112"
"08/05/2022 11:26:15.588"	"20.209065958610640479"	"1862"	"2095591424"	"16767062016"	"1551863808"	"1400422400"
"08/05/2022 11:26:16.596"	"32.547020463483455899"	"1862"	"2083028992"	"16767062016"	"1547816960"	"1396375552"
"08/05/2022 11:26:17.589"	"50.36762320827254058"	"1862"	"2083028992"	"16767062016"	"1547816960"	"1396375552"
"08/05/2022 11:26:18.603"	"33.910895484400491284"	"1862"	"2095587328"	"16767062016"	"1551859712"	"1400418304"
"08/05/2022 11:26:19.592"	"31.60691796037574619"	"1862"	"2083033088"	"16767062016"	"1547821056"	"1396379648"
"08/05/2022 11:26:20.605"	"37.010225185014114402"	"1862"	"2083033088"	"16767062016"	"1547821056"	"1396379648"
"08/05/2022 11:26:21.596"	"28.361214886547074343"	"1862"	"2095579136"	"16767062016"	"1551851520"	"1400410112"
"08/05/2022 11:26:22.588"	"42.529050807031268278"	"1862"	"2083028992"	"16767062016"	"1547816960"	"1396375552"
"08/05/2022 11:26:23.603"	"50.848154615074662388"	"1862"	"2095583232"	"16767062016"	"1554739200"	"1403297792"
"08/05/2022 11:26:24.593"	"48.893658274235306749"	"1862"	"2088501248"	"16767062016"	"1553080320"	"1401638912"
"08/05/2022 11:26:25.585"	"34.641584312073561591"	"1862"	"2095652864"	"16767062016"	"1559420928"	"1407979520"
"08/05/2022 11:26:26.604"	"32.224822359592579346"	"1862"	"2095722496"	"16767062016"	"1560068096"	"1408626688"
"08/05/2022 11:26:27.582"	"36.719853192111116869"	"1862"	"2084454400"	"16767062016"	"1549107200"	"1397665792"
"08/05/2022 11:26:28.591"	"41.826930941816073073"	"1862"	"2084458496"	"16767062016"	"1549111296"	"1397669888"
"08/05/2022 11:26:29.599"	"29.464731894511547949"	"1862"	"2095865856"	"16767062016"	"1554432000"	"1402990592"
"08/05/2022 11:26:30.593"	"34.556407315845262929"	"1862"	"2083311616"	"16767062016"	"1548107776"	"1396658176"
"08/05/2022 11:26:31.588"	"39.271092334041497907"	"1862"	"2083311616"	"16767062016"	"1548107776"	"1396658176"
"08/05/2022 11:26:32.593"	"38.867029933060656788"	"1862"	"2083311616"	"16767062016"	"1548107776"	"1396658176"
"08/05/2022 11:26:33.586"	"45.643092922034291803"	"1862"	"2095865856"	"16767062016"	"1552146432"	"1400696832"
"08/05/2022 11:26:34.592"	"34.16618651785880445"	"1862"	"2095869952"	"16767062016"	"1552150528"	"1400700928"
"08/05/2022 11:26:35.600"	"27.910322174927117089"	"1864"	"2095874048"	"16767062016"	"1552154624"	"1400705024"
"08/05/2022 11:26:36.596"	"39.220712431878958171"	"1864"	"2095869952"	"16767062016"	"1552150528"	"1400700928"
"08/05/2022 11:26:37.588"	"25.199423195282825816"	"1864"	"2095865856"	"16767062016"	"1552146432"	"1400696832"
"08/05/2022 11:26:38.594"	"51.250206864471351764"	"1864"	"2083315712"	"16767062016"	"1548111872"	"1396662272"
"08/05/2022 11:26:39.589"	"28.270033754169009654"	"1864"	"2083319808"	"16767062016"	"1548115968"	"1396666368"
"08/05/2022 11:26:40.596"	"35.662382549819412247"	"1864"	"2083319808"	"16767062016"	"1548115968"	"1396666368"
"08/05/2022 11:26:41.592"	"28.244936473748477823"	"1864"	"2095878144"	"16767062016"	"1551581184"	"1400131584"
"08/05/2022 11:26:42.600"	"32.548379663544238838"	"1864"	"2095865856"	"16767062016"	"1552146432"	"1400696832"
"08/05/2022 11:26:43.592"	"31.506907322306084041"	"1864"	"2083315712"	"16767062016"	"1548111872"	"1396662272"
"08/05/2022 11:26:44.604"	"43.246267476434489652"	"1864"	"2096082944"	"16767062016"	"1552351232"	"1400901632"
"08/05/2022 11:26:45.598"	"33.007226130557221211"	"1866"	"2096082944"	"16767062016"	"1552351232"	"1400901632"
"08/05/2022 11:26:46.585"	"26.908614748058372612"	"1866"	"2083528704"	"16767062016"	"1548312576"	"1396862976"
"08/05/2022 11:26:47.594"	"49.559819594327102266"	"1866"	"2083606528"	"16767062016"	"1548382208"	"1396932608"
"08/05/2022 11:26:48.589"	"18.837971442840924396"	"1866"	"2096164864"	"16767062016"	"1552437248"	"1400987648"
"08/05/2022 11:26:49.598"	"38.706922725078342751"	"1866"	"2083610624"	"16767062016"	"1548398592"	"1396948992"
"08/05/2022 11:26:50.593"	"28.27055377315647533"	"1866"	"2096160768"	"16767062016"	"1552433152"	"1400983552"
"08/05/2022 11:26:51.585"	"29.941412157519408765"	"1866"	"2083606528"	"16767062016"	"1548394496"	"1396944896"
"08/05/2022 11:26:52.595"	"40.209172818381425429"	"1866"	"2083602432"	"16767062016"	"1548390400"	"1396940800"
"08/05/2022 11:26:53.593"	"39.144001725993696539"	"1866"	"2083602432"	"16767062016"	"1548390400"	"1396940800"
"08/05/2022 11:26:54.582"	"41.08380337418116568"	"1866"	"2083610624"	"16767062016"	"1548398592"	"1396948992"
"08/05/2022 11:26:55.593"	"33.98100049357712038"	"1866"	"2083606528"	"16767062016"	"1548394496"	"1396944896"
"08/05/2022 11:26:56.588"	"37.705187861825265827"	"1866"	"2096160768"	"16767062016"	"1554161664"	"1402712064"
"08/05/2022 11:26:57.601"	"30.853599129109031907"	"1866"	"2084892672"	"16767062016"	"1549549568"	"1398099968"
"08/05/2022 11:26:58.593"	"25.184395104073004745"	"1866"	"2096160768"	"16767062016"	"1554161664"	"1402712064"
"08/05/2022 11:26:59.590"	"32.938297947521171238"	"1866"	"2096164864"	"16767062016"	"1554165760"	"1402716160"
"08/05/2022 11:27:00.601"	"43.243446270388666619"	"1866"	"2084900864"	"16767062016"	"1549557760"	"1398108160"
"08/05/2022 11:27:01.593"	"34.675749712405632863"	"1866"	"2096160768"	"16767062016"	"1554161664"	"1402712064"
"08/05/2022 11:27:02.598"	"40.40772764843436704"	"1866"	"2085036032"	"16767062016"	"1549606912"	"1398157312"
"08/05/2022 11:27:03.591"	"40.916587972527416639"	"1866"	"2085031936"	"16767062016"	"1549602816"	"1398153216"
"08/05/2022 11:27:04.595"	"35.78827007145604"	"1866"	"2085031936"	"16767062016"	"1549615104"	"1398165504"
"08/05/2022 11:27:05.588"	"45.62212366668872221"	"1866"	"2096300032"	"16767062016"	"1549623296"	"1398173696"
"08/05/2022 11:27:06.595"	"40.348155168129395065"	"1866"	"2096300032"	"16767062016"	"1552506880"	"1401057280"
"08/05/2022 11:27:07.584"	"44.26787660807488578"	"1866"	"2083770368"	"16776278016"	"1549836288"	"1397022720"
"08/05/2022 11:27:08.590"	"43.485810654530531849"	"1866"	"2083749888"	"16767062016"	"1548484608"	"1397035008"
"08/05/2022 11:27:09.601"	"32.435947837954401507"	"1866"	"2083745792"	"16767062016"	"1548480512"	"1397030912"
"08/05/2022 11:27:10.596"	"36.123129538070237743"	"1866"	"2096435200"	"16767062016"	"1552609280"	"1401159680"
"08/05/2022 11:27:11.588"	"53.52999185941074245"	"1866"	"2096459776"	"16776278016"	"1555595264"	"1401163776"
"08/05/2022 11:27:12.597"	"46.463482230580197552"	"1866"	"2083885056"	"16767062016"	"1548587008"	"1397137408"
"08/05/2022 11:27:13.592"	"25.142027312287108742"	"1866"	"2096463872"	"16776278016"	"1559683072"	"1401180160"
"08/05/2022 11:27:14.598"	"23.281340409205256492"	"1866"	"2096500736"	"16767062016"	"1555578880"	"1404129280"
"08/05/2022 11:27:15.587"	"36.338447528495152028"	"1866"	"2096504832"	"16767062016"	"1556160512"	"1404710912"
"08/05/2022 11:27:16.599"	"29.350126169704481072"	"1866"	"2096504832"	"16767062016"	"1560788992"	"1409339392"
"08/05/2022 11:27:17.594"	"23.563351862296524786"	"1866"	"2096525312"	"16776278016"	"1566928896"	"1409392640"
"08/05/2022 11:27:18.588"	"34.556841555951571365"	"1866"	"2083950592"	"16767062016"	"1548726272"	"1397276672"
"08/05/2022 11:27:19.599"	"26.2773669192954209"	"1866"	"2083950592"	"16767062016"	"1548726272"	"1397276672"
"08/05/2022 11:27:20.591"	"40.96820705780606886"	"1866"	"2083950592"	"16767062016"	"1548726272"	"1397276672"
"08/05/2022 11:27:21.602"	"58.717684876648355896"	"1866"	"2096504832"	"16767062016"	"1551609856"	"1400160256"
"08/05/2022 11:27:22.595"	"50.340264952896106365"	"1866"	"2096508928"	"16767062016"	"1552769024"	"1401319424"
"08/05/2022 11:27:23.590"	"28.270337806664059599"	"1866"	"2096779264"	"16767062016"	"1553031168"	"1401581568"
"08/05/2022 11:27:24.595"	"51.30397414389151578"	"1866"	"2096787456"	"16767062016"	"1553039360"	"1401589760"
"08/05/2022 11:27:25.586"	"37.858279398745914079"	"1866"	"2085511168"	"16767062016"	"1550147584"	"1398697984"
"08/05/2022 11:27:26.594"	"37.189268783605463398"	"1866"	"2085511168"	"16767062016"	"1550151680"	"1398702080"
"08/05/2022 11:27:27.587"	"34.626900311697504264"	"1866"	"2096779264"	"16767062016"	"1553035264"	"1401585664"
"08/05/2022 11:27:28.594"	"35.691694866623052462"	"1866"	"2096779264"	"16767062016"	"1553035264"	"1401585664"
"08/05/2022 11:27:29.590"	"39.212826290868676438"	"1866"	"2096779264"	"16767062016"	"1555341312"	"1403891712"
"08/05/2022 11:27:30.600"	"51.063790595527834171"	"1866"	"2085507072"	"16767062016"	"1550147584"	"1398697984"
"08/05/2022 11:27:31.594"	"32.988709190139125838"	"1866"	"2085511168"	"16767062016"	"1550151680"	"1398702080"
"08/05/2022 11:27:32.584"	"36.320918140255798789"	"1866"	"2085511168"	"16767062016"	"1550151680"	"1398702080"
"08/05/2022 11:27:33.591"	"34.115757768294507457"	"1866"	"2085511168"	"16767062016"	"1550151680"	"1398702080"
"08/05/2022 11:27:34.597"	"46.595677551350675571"	"1866"	"2085511168"	"16767062016"	"1550151680"	"1398702080"
"08/05/2022 11:27:35.594"	"29.78675542643195584"	"1866"	"2096775168"	"16767062016"	"1554759680"	"1403310080"
"08/05/2022 11:27:36.585"	"37.826354438186335472"	"1866"	"2096783360"	"16767062016"	"1554767872"	"1403318272"
"08/05/2022 11:27:37.594"	"40.278604005552246292"	"1866"	"2096783360"	"16767062016"	"1554767872"	"1403318272"
"08/05/2022 11:27:38.586"	"47.252733627343623368"	"1866"	"2085511168"	"16767062016"	"1550151680"	"1398702080"
"08/05/2022 11:27:39.592"	"38.807557630899566448"	"1866"	"2096922624"	"16767062016"	"1553170432"	"1401720832"
"08/05/2022 11:27:40.609"	"36.879495118728371494"	"1866"	"2097336320"	"16783642624"	"1553485824"	"1402036224"
"08/05/2022 11:27:41.590"	"38.237774924503334262"	"1866"	"2084782080"	"16783642624"	"1549512704"	"1398063104"
"08/05/2022 11:27:42.598"	"46.514240204398703327"	"1866"	"2084786176"	"16783642624"	"1549533184"	"1398083584"
"08/05/2022 11:27:43.594"	"50.161545256498548895"	"1866"	"2084913152"	"16783642624"	"1549656064"	"1398206464"
"08/05/2022 11:27:44.589"	"47.125993038925315659"	"1866"	"2084986880"	"16783642624"	"1549733888"	"1398284288"
"08/05/2022 11:27:45.595"	"54.344229241572683975"	"1866"	"2097541120"	"16783642624"	"1553772544"	"1402322944"
"08/05/2022 11:27:46.590"	"43.999636336720016061"	"1866"	"2097541120"	"16783642624"	"1553772544"	"1402322944"
"08/05/2022 11:27:47.596"	"37.273863199355830034"	"1866"	"2097541120"	"16783642624"	"1553772544"	"1402322944"
"08/05/2022 11:27:48.591"	"45.520341326462492759"	"1866"	"2097545216"	"16783642624"	"1553776640"	"1402327040"
"08/05/2022 11:27:49.602"	"37.086247282196175945"	"1866"	"2097545216"	"16783642624"	"1555566592"	"1404116992"
"08/05/2022 11:27:50.595"	"39.374840925642665468"	"1866"	"2097676288"	"16783642624"	"1555619840"	"1404170240"
"08/05/2022 11:27:51.593"	"40.688767436326209292"	"1866"	"2097676288"	"16783642624"	"1553891328"	"1402441728"
"08/05/2022 11:27:52.583"	"36.315049411203574437"	"1866"	"2097680384"	"16783642624"	"1553895424"	"1402445824"
"08/05/2022 11:27:53.594"	"46.356910532201069941"	"1866"	"2085126144"	"16783642624"	"1549869056"	"1398419456"
"08/05/2022 11:27:54.590"	"31.358220354264602747"	"1866"	"2097700864"	"16792858624"	"1556746240"	"1402458112"
"08/05/2022 11:27:55.601"	"54.110610547767088008"	"1866"	"2097680384"	"16783642624"	"1556807680"	"1405358080"
"08/05/2022 11:27:56.598"	"43.894866227008996873"	"1866"	"2090524672"	"16783642624"	"1553924096"	"1402474496"
"08/05/2022 11:27:57.597"	"39.077752046623800197"	"1866"	"2097680384"	"16783642624"	"1557962752"	"1406513152"
"08/05/2022 11:27:58.590"	"40.931280586371705965"	"1866"	"2097680384"	"16783642624"	"1562001408"	"1410551808"
"08/05/2022 11:27:59.601"	"40.181874290326277332"	"1866"	"2086412288"	"16783642624"	"1551040512"	"1399590912"
"08/05/2022 11:28:00.595"	"32.996282695356597969"	"1866"	"2086432768"	"16792858624"	"1559359488"	"1399590912"
"08/05/2022 11:28:01.589"	"56.621505018728882419"	"1866"	"2086416384"	"16783642624"	"1551044608"	"1399595008"
"08/05/2022 11:28:02.596"	"38.778674999808899315"	"1866"	"2097758208"	"16783642624"	"1555714048"	"1404264448"
"08/05/2022 11:28:03.587"	"37.828861423902552019"	"1866"	"2086559744"	"16783642624"	"1551163392"	"1399713792"
"08/05/2022 11:28:04.596"	"35.639348339660074316"	"1866"	"2086555648"	"16783642624"	"1551159296"	"1399709696"
"08/05/2022 11:28:05.589"	"36.17653646469044304"	"1866"	"2097823744"	"16783642624"	"1554051072"	"1402601472"
"08/05/2022 11:28:06.596"	"35.672613012078805639"	"1866"	"2097823744"	"16783642624"	"1554051072"	"1402601472"
"08/05/2022 11:28:07.589"	"36.220790043084974741"	"1866"	"2097831936"	"16783642624"	"1554059264"	"1402609664"
"08/05/2022 11:28:08.597"	"30.98113640394563717"	"1866"	"2097823744"	"16783642624"	"1554051072"	"1402601472"
"08/05/2022 11:28:09.587"	"37.874610194511873829"	"1866"	"2097823744"	"16783642624"	"1554051072"	"1402601472"
"08/05/2022 11:28:10.601"	"29.285263970834197522"	"1866"	"2097823744"	"16783642624"	"1554051072"	"1402601472"
"08/05/2022 11:28:11.595"	"44.001738345246991457"	"1866"	"2097827840"	"16783642624"	"1554055168"	"1402605568"
"08/05/2022 11:28:12.587"	"40.978091826028155253"	"1866"	"2085289984"	"16792858624"	"1552138240"	"1398562816"
"08/05/2022 11:28:13.595"	"54.254887801140050385"	"1866"	"2085277696"	"16783642624"	"1550020608"	"1398571008"
"08/05/2022 11:28:14.588"	"47.201440441952499327"	"1866"	"2097823744"	"16783642624"	"1554051072"	"1402601472"
"08/05/2022 11:28:15.599"	"49.475387726244761666"	"1868"	"2086580224"	"16784691200"	"1551204352"	"1399730176"
"08/05/2022 11:28:16.591"	"26.766444245282507097"	"1868"	"2086580224"	"16784691200"	"1551204352"	"1399730176"
"08/05/2022 11:28:17.601"	"64.93929301717305691"	"1868"	"2097917952"	"16784691200"	"1554165760"	"1402691584"
"08/05/2022 11:28:18.592"	"50.465850263784993501"	"1868"	"2086649856"	"16784691200"	"1551282176"	"1399808000"
"08/05/2022 11:28:19.599"	"31.026808651962113572"	"1868"	"2086649856"	"16784691200"	"1551319040"	"1399844864"
"08/05/2022 11:28:20.592"	"34.622003761435202307"	"1868"	"2097917952"	"16784691200"	"1553625088"	"1402150912"
"08/05/2022 11:28:21.601"	"46.477362921524893125"	"1868"	"2098049024"	"16784691200"	"1555976192"	"1404502016"
"08/05/2022 11:28:22.591"	"47.328592497638112491"	"1868"	"2086785024"	"16784691200"	"1551368192"	"1399894016"
"08/05/2022 11:28:23.602"	"38.654731240147683025"	"1868"	"2086789120"	"16784691200"	"1551454208"	"1399980032"
"08/05/2022 11:28:24.597"	"47.087936356999989584"	"1868"	"2086785024"	"16784691200"	"1551450112"	"1399975936"
"08/05/2022 11:28:25.593"	"36.077270561609786625"	"1868"	"2098053120"	"16784691200"	"1554333696"	"1402859520"
"08/05/2022 11:28:26.587"	"34.597447750053746063"	"1868"	"2098130944"	"16784691200"	"1554403328"	"1402929152"
"08/05/2022 11:28:27.596"	"43.354481401621150383"	"1868"	"2098135040"	"16784691200"	"1553833984"	"1402359808"
"08/05/2022 11:28:28.590"	"50.286492203381108368"	"1868"	"2098135040"	"16784691200"	"1553833984"	"1402359808"
"08/05/2022 11:28:29.594"	"34.265077630959879684"	"1868"	"2098139136"	"16784691200"	"1553838080"	"1402363904"
"08/05/2022 11:28:30.588"	"59.685519885757642555"	"1868"	"2098135040"	"16784691200"	"1553833984"	"1402359808"
"08/05/2022 11:28:31.593"	"42.002847083650848958"	"1868"	"2086862848"	"16784691200"	"1551523840"	"1400049664"
"08/05/2022 11:28:32.602"	"49.561755136382060982"	"1868"	"2086862848"	"16784691200"	"1551523840"	"1400049664"
"08/05/2022 11:28:33.594"	"42.498131593254569793"	"1868"	"2086862848"	"16784691200"	"1551523840"	"1400049664"
"08/05/2022 11:28:34.586"	"56.737528561671879856"	"1868"	"2086862848"	"16784691200"	"1551523840"	"1400049664"
"08/05/2022 11:28:35.599"	"57.045579232794310087"	"1868"	"2086866944"	"16784691200"	"1551527936"	"1400053760"
"08/05/2022 11:28:36.593"	"44.033128613673056861"	"1868"	"2086928384"	"16784691200"	"1551585280"	"1400111104"
"08/05/2022 11:28:37.603"	"61.861129188307749871"	"1868"	"2086932480"	"16784691200"	"1551589376"	"1400115200"
"08/05/2022 11:28:38.598"	"42.420997898734000842"	"1868"	"2086932480"	"16784691200"	"1551589376"	"1400115200"
"08/05/2022 11:28:39.593"	"29.816162705305938374"	"1868"	"2086936576"	"16784691200"	"1551593472"	"1400119296"
"08/05/2022 11:28:40.588"	"39.251093654792548193"	"1868"	"2086932480"	"16784691200"	"1551589376"	"1400115200"
"08/05/2022 11:28:41.599"	"44.835481857869567079"	"1868"	"2086936576"	"16784691200"	"1551593472"	"1400119296"
"08/05/2022 11:28:42.592"	"40.903932093733587294"	"1868"	"2098200576"	"16784691200"	"1556201472"	"1404727296"
"08/05/2022 11:28:43.604"	"54.061826266074831437"	"1868"	"2086940672"	"16784691200"	"1551597568"	"1400123392"
"08/05/2022 11:28:44.598"	"42.434946660969444565"	"1868"	"2086936576"	"16784691200"	"1551593472"	"1400119296"
"08/05/2022 11:28:45.592"	"31.449645494564045123"	"1868"	"2098204672"	"16784691200"	"1554477056"	"1403002880"
"08/05/2022 11:28:46.599"	"46.552905104869921615"	"1868"	"2086936576"	"16784691200"	"1551593472"	"1400119296"
"08/05/2022 11:28:47.595"	"50.189465231247964994"	"1868"	"2087018496"	"16784691200"	"1551667200"	"1400193024"
"08/05/2022 11:28:48.587"	"34.63679528983919198"	"1868"	"2098278400"	"16784691200"	"1554542592"	"1403068416"
"08/05/2022 11:28:49.599"	"40.152608575371608879"	"1868"	"2085732352"	"16784691200"	"1550512128"	"1399037952"
"08/05/2022 11:28:50.597"	"42.269939062152914744"	"1868"	"2085732352"	"16784691200"	"1550512128"	"1399037952"
"08/05/2022 11:28:51.590"	"36.193420053858829988"	"1868"	"2085724160"	"16784691200"	"1550503936"	"1399029760"
"08/05/2022 11:28:52.600"	"58.811410255521337831"	"1868"	"2085724160"	"16784691200"	"1550503936"	"1399029760"
"08/05/2022 11:28:53.589"	"33.180021829799962063"	"1868"	"2085724160"	"16784691200"	"1550503936"	"1399029760"
"08/05/2022 11:28:54.597"	"49.597570274549333647"	"1868"	"2085724160"	"16784691200"	"1550503936"	"1399029760"
"08/05/2022 11:28:55.595"	"50.088912829163042773"	"1868"	"2085728256"	"16784691200"	"1550508032"	"1399033856"
"08/05/2022 11:28:56.587"	"34.661194012844660506"	"1868"	"2085793792"	"16784691200"	"1550569472"	"1399095296"
"08/05/2022 11:28:57.599"	"37.042898046683539803"	"1868"	"2085879808"	"16784691200"	"1550647296"	"1399173120"
"08/05/2022 11:28:58.593"	"33.020914805888843091"	"1868"	"2085871616"	"16784691200"	"1550639104"	"1399164928"
"08/05/2022 11:28:59.605"	"37.048574237488473671"	"1868"	"2085871616"	"16784691200"	"1550639104"	"1399164928"
"08/05/2022 11:29:00.600"	"37.678422401439775058"	"1868"	"2098438144"	"16784691200"	"1554690048"	"1403215872"
"08/05/2022 11:29:01.592"	"34.654069219424023629"	"1868"	"2098438144"	"16784691200"	"1554690048"	"1403215872"
"08/05/2022 11:29:02.603"	"40.192643712322180249"	"1868"	"2098429952"	"16784691200"	"1556410368"	"1404936192"
"08/05/2022 11:29:03.599"	"28.24174005669836518"	"1868"	"2098429952"	"16784691200"	"1556410368"	"1404936192"
"08/05/2022 11:29:04.592"	"40.913328499937613003"	"1868"	"2087161856"	"16784691200"	"1551798272"	"1400324096"
"08/05/2022 11:29:05.598"	"35.715552839986472122"	"1868"	"2087161856"	"16784691200"	"1551798272"	"1400324096"
"08/05/2022 11:29:06.595"	"48.583420302879702035"	"1868"	"2087161856"	"16784691200"	"1551798272"	"1400324096"
"08/05/2022 11:29:07.589"	"34.587742285248104679"	"1868"	"2087161856"	"16784691200"	"1551802368"	"1400328192"
"08/05/2022 11:29:08.595"	"48.152164717533310068"	"1868"	"2098429952"	"16784691200"	"1554685952"	"1403211776"
"08/05/2022 11:29:09.591"	"36.060448097789411293"	"1868"	"2087161856"	"16784691200"	"1551802368"	"1400328192"
"08/05/2022 11:29:10.601"	"49.501171742236309115"	"1868"	"2087161856"	"16784691200"	"1551802368"	"1400328192"
"08/05/2022 11:29:11.591"	"41.049725085570358374"	"1868"	"2087161856"	"16784691200"	"1551802368"	"1400328192"
"08/05/2022 11:29:12.600"	"44.893215326139987553"	"1868"	"2087161856"	"16784691200"	"1551802368"	"1400328192"
"08/05/2022 11:29:13.594"	"45.59982908303511806"	"1868"	"2087161856"	"16784691200"	"1551802368"	"1400328192"
"08/05/2022 11:29:14.585"	"53.583778957052388137"	"1868"	"2087161856"	"16784691200"	"1551802368"	"1400328192"
"08/05/2022 11:29:15.597"	"52.51796584004130608"	"1868"	"2087165952"	"16784691200"	"1551806464"	"1400332288"
"08/05/2022 11:29:16.590"	"50.336874498896413854"	"1868"	"2087157760"	"16784691200"	"1551798272"	"1400324096"
"08/05/2022 11:29:17.600"	"35.597515251337526365"	"1868"	"2098429952"	"16784691200"	"1554685952"	"1403211776"
"08/05/2022 11:29:18.591"	"45.735840082976039866"	"1868"	"2087157760"	"16784691200"	"1551798272"	"1400324096"
"08/05/2022 11:29:19.595"	"62.224841749782470401"	"1868"	"2087157760"	"16784691200"	"1551798272"	"1400324096"
"08/05/2022 11:29:20.589"	"31.430192436256298549"	"1868"	"2087165952"	"16784691200"	"1551806464"	"1400332288"
"08/05/2022 11:29:21.602"	"43.194416141817484345"	"1868"	"2087161856"	"16784691200"	"1551802368"	"1400328192"
"08/05/2022 11:29:22.594"	"40.973640610591459676"	"1868"	"2087161856"	"16784691200"	"1551802368"	"1400328192"
"08/05/2022 11:29:23.583"	"25.256346869455597925"	"1868"	"2087161856"	"16784691200"	"1551802368"	"1400328192"
"08/05/2022 11:29:24.589"	"43.496381299916450303"	"1868"	"2087161856"	"16784691200"	"1551802368"	"1400328192"
"08/05/2022 11:29:25.596"	"48.116524289767816924"	"1860"	"2087100416"	"16782594048"	"1551769600"	"1400295424"
"08/05/2022 11:29:26.593"	"28.201669057499717752"	"1860"	"2087100416"	"16782594048"	"1551769600"	"1400295424"
"08/05/2022 11:29:27.586"	"51.953020464225488695"	"1860"	"3745034240"	"18424926208"	"1554788352"	"1403314176"
"08/05/2022 11:29:28.596"	"29.39888235228293567"	"1860"	"3745091584"	"18424926208"	"1562857472"	"1411383296"
"08/05/2022 11:29:29.588"	"47.236453340965063319"	"1860"	"3745140736"	"18425974784"	"1562882048"	"1411416064"
"08/05/2022 11:29:30.594"	"37.254896311675857135"	"1860"	"3745132544"	"18425974784"	"1562877952"	"1411411968"
"08/05/2022 11:29:31.587"	"29.907400141016854178"	"1860"	"3745128448"	"18425974784"	"1562873856"	"1411407872"
"08/05/2022 11:29:32.596"	"55.741940087076343957"	"1860"	"3734552576"	"18425974784"	"1552453632"	"1400987648"
"08/05/2022 11:29:33.585"	"28.441614901242118663"	"1860"	"3745832960"	"18425974784"	"1555345408"	"1403879424"
"08/05/2022 11:29:34.593"	"21.710243135866225117"	"1863"	"3745824768"	"18425974784"	"1555341312"	"1403875328"
"08/05/2022 11:29:35.608"	"41.55303911171495912"	"1862"	"3733291008"	"18435190784"	"1556258816"	"1399836672"
"08/05/2022 11:29:36.602"	"44.014571589826445575"	"1862"	"3733270528"	"18425974784"	"1551302656"	"1399836672"
"08/05/2022 11:29:37.599"	"45.432277656814420652"	"1862"	"3745832960"	"18425974784"	"1554771968"	"1403305984"
"08/05/2022 11:29:38.594"	"69.084965363059325227"	"1862"	"3745832960"	"18425974784"	"1555349504"	"1403883520"
"08/05/2022 11:29:39.590"	"47.094181027922047633"	"1862"	"3745832960"	"18425974784"	"1555349504"	"1403883520"
"08/05/2022 11:29:40.594"	"34.234586842067258772"	"1862"	"3745824768"	"18425974784"	"1557647360"	"1406181376"
"08/05/2022 11:29:41.584"	"42.603768642273060152"	"1862"	"3745796096"	"18424926208"	"1557635072"	"1406169088"
"08/05/2022 11:29:42.587"	"40.497348308397100425"	"1862"	"3745792000"	"18424926208"	"1557680128"	"1406214144"
"08/05/2022 11:29:43.597"	"40.252415590808361401"	"1862"	"3733237760"	"18424926208"	"1551413248"	"1399947264"
"08/05/2022 11:29:44.588"	"25.202105766987781266"	"1862"	"3733786624"	"18424926208"	"1552019456"	"1400553472"
"08/05/2022 11:29:45.593"	"32.681001454447738297"	"1864"	"3734437888"	"18425974784"	"1552629760"	"1401163776"
"08/05/2022 11:29:46.600"	"37.203499271853111452"	"1864"	"3734855680"	"18425974784"	"1553035264"	"1401569280"
"08/05/2022 11:29:47.598"	"70.477325320727587155"	"1864"	"3748261888"	"18426040320"	"1557823488"	"1406357504"
"08/05/2022 11:29:48.591"	"51.919116837823963806"	"1864"	"3748544512"	"18426040320"	"1558167552"	"1406701568"
"08/05/2022 11:29:49.603"	"44.788740468956028451"	"1864"	"3736535040"	"18426040320"	"1554673664"	"1403203584"
"08/05/2022 11:29:50.598"	"42.384762925129848554"	"1864"	"3749363712"	"18426040320"	"1558990848"	"1407520768"
"08/05/2022 11:29:51.590"	"36.222151779761254886"	"1864"	"3737636864"	"18426040320"	"1555673088"	"1404203008"
"08/05/2022 11:29:52.597"	"52.794364731992949658"	"1864"	"3750768640"	"18427088896"	"1559691264"	"1408221184"
"08/05/2022 11:29:53.595"	"37.570903809669609075"	"1864"	"3751055360"	"18427088896"	"1562267648"	"1410797568"
"08/05/2022 11:29:54.589"	"51.841099251487420929"	"1741"	"3716546560"	"18384158720"	"1528356864"	"1376829440"
"08/05/2022 11:29:55.604"	"63.155156186582985356"	"1789"	"3813076992"	"18374942720"	"1538441216"	"1396125696"
"08/05/2022 11:29:56.601"	"68.929008635426200158"	"1751"	"3677990912"	"18251931648"	"1543806976"	"1401491456"
"08/05/2022 11:29:57.599"	"40.709651649640257176"	"1747"	"3677962240"	"18250883072"	"1543839744"	"1401524224"
"08/05/2022 11:29:58.599"	"31.246378544726667315"	"1747"	"3677990912"	"18250883072"	"1543868416"	"1401552896"
"08/05/2022 11:29:59.595"	"47.057186603654713508"	"1747"	"3575037952"	"18250883072"	"1532866560"	"1390546944"
"08/05/2022 11:30:00.598"	"28.061370841616632532"	"1747"	"3575037952"	"18250883072"	"1532866560"	"1390546944"
"08/05/2022 11:30:01.600"	"20.272876662563021455"	"1753"	"3575033856"	"18250883072"	"1532862464"	"1390542848"
"08/05/2022 11:30:02.598"	"18.774981991037272167"	"1753"	"3575062528"	"18251931648"	"1532882944"	"1390563328"
"08/05/2022 11:30:03.596"	"28.202786104354419905"	"1753"	"3575062528"	"18251931648"	"1532882944"	"1390563328"
