"(PDH-TSV 4.0) ("	"\\PC-201912230946\Memory\% Committed Bytes In Use"	"\\PC-201912230946\Process(HQVRMeeting)\% Processor Time"	"\\PC-201912230946\Process(HQVRMeeting)\Working Set - Private"	"\\PC-201912230946\Process(HQVRMeeting)\Working Set"	"\\PC-201912230946\Process(HQVRMeeting)\Handle Count"	"\\PC-201912230946\Process(HQVRMeeting)\Private Bytes"	"\\PC-201912230946\Process(HQVRMeeting)\Virtual Bytes"
"08/10/2022 11:10:52.205"	"36.63346283990737362"	" "	"1082568704"	"1203548160"	"1401"	"2865557504"	"17374437376"
"08/10/2022 11:10:53.215"	"36.480408147089278259"	"40.369778225083202017"	"1083166720"	"1204150272"	"1401"	"2866110464"	"17374437376"
"08/10/2022 11:10:54.213"	"36.475300354993741792"	"37.599378918419276374"	"1083830272"	"1204813824"	"1401"	"2866659328"	"17374437376"
"08/10/2022 11:10:55.207"	"36.471994625514369659"	"31.427458285957488471"	"1084178432"	"1205161984"	"1401"	"2866933760"	"17374437376"
"08/10/2022 11:10:56.218"	"36.436299755339582873"	"40.170204990162872605"	"1084776448"	"1205760000"	"1401"	"2867482624"	"17374437376"
"08/10/2022 11:10:57.211"	"36.437302230959126348"	"29.901237032431520646"	"1085374464"	"1206349824"	"1397"	"2868035584"	"17374429184"
"08/10/2022 11:10:58.210"	"36.43588208044783272"	"39.088220048792102546"	"1085997056"	"1206972416"	"1397"	"2868584448"	"17374429184"
"08/10/2022 11:10:59.207"	"36.413266960627694857"	"32.932839890242938452"	"1086328832"	"1207304192"	"1397"	"2868858880"	"17374429184"
"08/10/2022 11:11:00.222"	"36.411930349751358449"	"41.572538228258487436"	"1086992384"	"1207967744"	"1397"	"2869407744"	"17374429184"
"08/10/2022 11:11:01.219"	"36.411071088260754891"	"21.932977633075271484"	"1087606784"	"1208582144"	"1397"	"2869960704"	"17374429184"
"08/10/2022 11:11:02.216"	"36.411381381659623457"	"51.725917691763591222"	"1088245760"	"1209270272"	"1399"	"2870480896"	"17373380608"
"08/10/2022 11:11:03.217"	"36.41456778543409456"	"26.526744600952380182"	"1090207744"	"1211236352"	"1402"	"2872209408"	"17390026752"
"08/10/2022 11:11:04.209"	"36.41456778543409456"	"44.086374629787819401"	"1090281472"	"1211310080"	"1402"	"2872209408"	"17390026752"
"08/10/2022 11:11:05.206"	"36.41456778543409456"	"21.955160486452086843"	"1090879488"	"1211908096"	"1402"	"2872758272"	"17390026752"
"08/10/2022 11:11:06.213"	"38.23004100430524943"	"77.592690862873425317"	"1312829440"	"1445003264"	"1506"	"3473428480"	"17947488256"
"08/10/2022 11:11:07.217"	"37.895958134414620133"	"46.649087797613717044"	"1194242048"	"1327104000"	"1527"	"3357396992"	"17834713088"
"08/10/2022 11:11:08.213"	"37.890182025239376173"	"59.653078792097232963"	"1195544576"	"1328406528"	"1527"	"3356651520"	"17851359232"
"08/10/2022 11:11:09.211"	"37.862673946158651006"	"35.997176118569363723"	"1195773952"	"1328889856"	"1529"	"3347091456"	"17852178432"
"08/10/2022 11:11:10.211"	"37.286973520481723199"	"46.881563418878641869"	"1164275712"	"1297391616"	"1527"	"3149860864"	"17829765120"
"08/10/2022 11:11:11.209"	"37.207802789566990498"	"37.58114897498167295"	"1139621888"	"1272737792"	"1527"	"3123773440"	"17829765120"
"08/10/2022 11:11:12.208"	"37.21375789894111108"	"45.341559405422934503"	"1140244480"	"1273364480"	"1527"	"3124359168"	"17829765120"
"08/10/2022 11:11:13.207"	"37.215142240099410742"	"40.672224519890043837"	"1140879360"	"1273999360"	"1527"	"3125022720"	"17829765120"
"08/10/2022 11:11:14.198"	"37.214891621194524873"	"40.998243912757352803"	"1141395456"	"1274515456"	"1527"	"3125530624"	"17829765120"
"08/10/2022 11:11:15.207"	"37.132427081729382223"	"46.465527188206642961"	"1114271744"	"1247428608"	"1447"	"3098116096"	"17795338240"
"08/10/2022 11:11:16.221"	"37.155877551333013287"	"58.537809805504615213"	"1122574336"	"1255755776"	"1437"	"3106418688"	"17795338240"
"08/10/2022 11:11:17.222"	"37.158920764261601732"	"0"	"1122840576"	"1256022016"	"1437"	"3106693120"	"17795338240"
"08/10/2022 11:11:18.205"	"37.15629524950783491"	"0"	"1123373056"	"1256554496"	"1438"	"3107241984"	"17795338240"
"08/10/2022 11:11:19.217"	"37.128667844722201608"	"6.1770374513286512297"	"1123639296"	"1256820736"	"1461"	"3107516416"	"17795338240"
"08/10/2022 11:11:20.217"	"37.131937788131629929"	"1.5619723657348547619"	"1124171776"	"1257353216"	"1462"	"3108065280"	"17795338240"
"08/10/2022 11:11:21.210"	"36.971233351382245758"	"73.965152605658246898"	"1147101184"	"1282703360"	"1447"	"3062845440"	"17630646272"
"08/10/2022 11:11:22.207"	"36.971233351382245758"	"34.500620208240221132"	"1147117568"	"1282719744"	"1447"	"3062845440"	"17630646272"
"08/10/2022 11:11:23.218"	"36.971233351382245758"	"26.265492438059666824"	"1147260928"	"1282863104"	"1447"	"3062845440"	"17630646272"
"08/10/2022 11:11:24.215"	"36.682631293470649325"	"25.066506454926212655"	"1132154880"	"1267765248"	"1447"	"2963820544"	"17630646272"
"08/10/2022 11:11:25.213"	"36.681891380968011163"	"23.488305204156588957"	"1132154880"	"1267765248"	"1447"	"2963820544"	"17630646272"
"08/10/2022 11:11:26.215"	"38.441513045328093767"	"90.503137525322159718"	"1418461184"	"1554071552"	"1446"	"3568640000"	"17999810560"
"08/10/2022 11:11:27.214"	"38.281381441811426214"	"51.596455627448420955"	"1325559808"	"1461403648"	"1556"	"3486248960"	"18006978560"
"08/10/2022 11:11:28.213"	"37.849713544791960373"	"34.397685273437836884"	"1184669696"	"1320517632"	"1556"	"3345096704"	"17872760832"
"08/10/2022 11:11:29.216"	"37.873617521923414131"	"40.530559742743434981"	"1191043072"	"1326891008"	"1556"	"3345719296"	"17872760832"
"08/10/2022 11:11:30.218"	"37.689832560180178689"	"38.95245153392635018"	"1191673856"	"1327521792"	"1556"	"3290931200"	"17861554176"
"08/10/2022 11:11:31.220"	"37.344424225702979925"	"42.130623658061615799"	"1174994944"	"1315176448"	"1556"	"3164835840"	"17825087488"
"08/10/2022 11:11:32.224"	"37.321964264223808527"	"45.116689057820153153"	"1175531520"	"1311379456"	"1556"	"3165175808"	"17816793088"
"08/10/2022 11:11:33.202"	"37.347467415348504005"	"41.521842737847592275"	"1176100864"	"1311948800"	"1556"	"3165749248"	"17816793088"
"08/10/2022 11:11:34.221"	"37.26320081326719702"	"55.238945017658295455"	"1156653056"	"1292488704"	"1476"	"3146022912"	"17782362112"
"08/10/2022 11:11:35.216"	"37.26620821684277729"	"20.417714524717318625"	"1157169152"	"1293004800"	"1467"	"3146551296"	"17798942720"
"08/10/2022 11:11:36.218"	"37.26440615422660585"	"0"	"1157701632"	"1293537280"	"1468"	"3147100160"	"17798942720"
"08/10/2022 11:11:37.218"	"37.192562952915338315"	"1.5619740833261441804"	"1133002752"	"1268838400"	"1491"	"3122368512"	"17798942720"
"08/10/2022 11:11:38.218"	"37.167107532072598985"	"1.562762544107410001"	"1133535232"	"1269370880"	"1492"	"3122921472"	"17798942720"
"08/10/2022 11:11:39.216"	"37.589956153554368257"	"42.257618065656345152"	"1163231232"	"1299066880"	"1472"	"3272675328"	"17810673664"
"08/10/2022 11:11:40.221"	"36.9898027826542517"	"48.228857141121793006"	"1167486976"	"1303326720"	"1473"	"3071008768"	"17676390400"
"08/10/2022 11:11:41.219"	"36.9898027826542517"	"31.317338541331569246"	"1167486976"	"1303334912"	"1473"	"3071008768"	"17676390400"
"08/10/2022 11:11:42.212"	"36.987571100934310664"	"47.187537215237682631"	"1167486976"	"1303334912"	"1473"	"3071008768"	"17676390400"
"08/10/2022 11:11:43.210"	"36.711869793178479426"	"39.12721249674837054"	"1152851968"	"1288704000"	"1473"	"2976464896"	"17676390400"
"08/10/2022 11:11:44.208"	"36.711869793178479426"	"36.014455688916072518"	"1152847872"	"1288699904"	"1473"	"2976464896"	"17676390400"
"08/10/2022 11:11:45.200"	"42.010020334741568604"	"83.491082119030636477"	"1333551104"	"1469403136"	"1562"	"4795908096"	"19335303168"
"08/10/2022 11:11:46.219"	"38.00256534898713312"	"29.124951560606877621"	"1201123328"	"1336987648"	"1582"	"3390517248"	"17945788416"
"08/10/2022 11:11:47.215"	"37.966178296591664321"	"39.245462345454505737"	"1197248512"	"1333112832"	"1582"	"3385413632"	"17945788416"
"08/10/2022 11:11:48.215"	"37.830237098464330359"	"34.363392046166808314"	"1197527040"	"1333391360"	"1582"	"3339681792"	"17934581760"
"08/10/2022 11:11:49.211"	"37.395931742479078252"	"47.046059472241068988"	"1200377856"	"1336242176"	"1582"	"3189616640"	"17934581760"
"08/10/2022 11:11:50.214"	"37.395478258234327029"	"42.089192273606535366"	"1200603136"	"1336467456"	"1582"	"3190095872"	"17934581760"
"08/10/2022 11:11:51.216"	"37.33500822850852785"	"67.029845802672113564"	"1180950528"	"1316802560"	"1502"	"3170156544"	"17900130304"
"08/10/2022 11:11:52.220"	"37.305924863858599849"	"35.800676972745563376"	"1169145856"	"1304997888"	"1493"	"3158011904"	"17900130304"
"08/10/2022 11:11:53.217"	"37.301246690866832978"	"0"	"1169678336"	"1305530368"	"1494"	"3158560768"	"17900130304"
"08/10/2022 11:11:54.213"	"37.225823252747261449"	"4.7070682240208991942"	"1143668736"	"1279520768"	"1517"	"3132518400"	"17900130304"
"08/10/2022 11:11:55.207"	"37.197658800798855339"	"0"	"1144201216"	"1280053248"	"1518"	"3133071360"	"17900130304"
"08/10/2022 11:11:56.201"	"37.530417004025174776"	"47.141177947160848305"	"1171632128"	"1307484160"	"1527"	"3252506624"	"17900130304"
"08/10/2022 11:11:57.220"	"37.523435553890521987"	"53.679300741405000963"	"1170694144"	"1306546176"	"1499"	"3254312960"	"17893445632"
"08/10/2022 11:11:58.219"	"37.522922395151788066"	"53.212246799853033963"	"1170776064"	"1306628096"	"1499"	"3254312960"	"17893445632"
"08/10/2022 11:11:59.214"	"37.522922395151788066"	"21.977204991814431878"	"1170776064"	"1306628096"	"1499"	"3254312960"	"17893445632"
"08/10/2022 11:12:00.214"	"36.743507077159243579"	"25.003880602269472178"	"1161404416"	"1297256448"	"1499"	"2987143168"	"17714466816"
"08/10/2022 11:12:01.206"	"36.736477896742634641"	"31.505948020529174869"	"1161408512"	"1297260544"	"1499"	"2985783296"	"17714466816"
"08/10/2022 11:12:02.215"	"38.334595560639769474"	"91.286863801732110346"	"1331695616"	"1467564032"	"1593"	"3523350528"	"18105556992"
"08/10/2022 11:12:03.221"	"38.010059957860512725"	"63.722191635570233359"	"1212346368"	"1348227072"	"1608"	"3400474624"	"17983827968"
"08/10/2022 11:12:04.214"	"37.996550565119029841"	"39.343744825510675867"	"1208246272"	"1344126976"	"1608"	"3396460544"	"17983827968"
"08/10/2022 11:12:05.205"	"37.922774031274663287"	"48.858888368624036502"	"1210593280"	"1346473984"	"1608"	"3371483136"	"17983827968"
"08/10/2022 11:12:06.224"	"37.419239021236833764"	"32.190912788599810312"	"1195929600"	"1331810304"	"1608"	"3190784000"	"17983827968"
"08/10/2022 11:12:07.213"	"37.321272105286197984"	"45.845230750365395522"	"1171554304"	"1307435008"	"1608"	"3166318592"	"18000408576"
"08/10/2022 11:12:08.204"	"37.311581624045871308"	"36.250501328672285695"	"1172152320"	"1308033024"	"1608"	"3162472448"	"18000408576"
"08/10/2022 11:12:09.213"	"37.245287754862872021"	"72.759793455814502749"	"1150832640"	"1286701056"	"1528"	"3140866048"	"17965993984"
"08/10/2022 11:12:10.214"	"37.251409943506914146"	"1.5611886015746772038"	"1151344640"	"1287213056"	"1519"	"3141394432"	"17965993984"
"08/10/2022 11:12:11.211"	"37.247650706499733531"	"0"	"1151877120"	"1287745536"	"1520"	"3141947392"	"17965993984"
"08/10/2022 11:12:12.211"	"37.223400626616417242"	"3.1223322793005654496"	"1152409600"	"1288278016"	"1543"	"3142496256"	"17965993984"
"08/10/2022 11:12:13.208"	"37.223376761475435615"	"0"	"1152675840"	"1288544256"	"1544"	"3142770688"	"17965993984"
"08/10/2022 11:12:14.198"	"37.794900275253432653"	"63.170734221820445953"	"1178710016"	"1314578432"	"1525"	"3349712896"	"17982771200"
"08/10/2022 11:12:15.208"	"37.049007796926659353"	"40.190822562934869211"	"1177972736"	"1313841152"	"1525"	"3091976192"	"17747824640"
"08/10/2022 11:12:16.213"	"37.051883907302254784"	"32.671145023939423879"	"1177972736"	"1313841152"	"1525"	"3091976192"	"17747824640"
"08/10/2022 11:12:17.211"	"36.777041861037034209"	"39.127330073198280047"	"1168273408"	"1304141824"	"1525"	"2997133312"	"17747824640"
"08/10/2022 11:12:18.202"	"36.776254218252432793"	"28.384556903694452501"	"1168261120"	"1304129536"	"1525"	"2997276672"	"17747824640"
"08/10/2022 11:12:19.217"	"36.776254218252432793"	"36.934572325722740516"	"1168527360"	"1304395776"	"1525"	"2997551104"	"17747824640"
"08/10/2022 11:12:20.212"	"37.523113339562691237"	"73.853212346979915992"	"1252564992"	"1388433408"	"1524"	"3255635968"	"17770237952"
"08/10/2022 11:12:21.215"	"38.179547884077656761"	"65.37415935057185834"	"1221521408"	"1357402112"	"1634"	"3461128192"	"18069487616"
"08/10/2022 11:12:22.216"	"37.914086002370829931"	"40.590571077611969031"	"1181315072"	"1317195776"	"1634"	"3367944192"	"17983635456"
"08/10/2022 11:12:23.216"	"37.937142662223692469"	"39.087629436965023899"	"1189937152"	"1325817856"	"1634"	"3376586752"	"17983635456"
"08/10/2022 11:12:24.217"	"37.534760995194027089"	"34.329139702271731949"	"1190215680"	"1326096384"	"1634"	"3239096320"	"17983635456"
"08/10/2022 11:12:25.220"	"37.333767078196110845"	"45.161340477288469231"	"1176576000"	"1312456704"	"1634"	"3170304000"	"17983635456"
"08/10/2022 11:12:26.213"	"37.322381962398623045"	"51.933769323516884242"	"1176883200"	"1312763904"	"1634"	"3166892032"	"17983635456"
"08/10/2022 11:12:27.206"	"37.328862174723496992"	"55.07970051549060031"	"1177829376"	"1313710080"	"1634"	"3167842304"	"17983635456"
"08/10/2022 11:12:28.205"	"37.269537811463123944"	"43.801032583062529113"	"1158664192"	"1294532608"	"1554"	"3148398592"	"17949216768"
"08/10/2022 11:12:29.224"	"37.272628754673668539"	"50.586846664437004506"	"1158918144"	"1294786560"	"1545"	"3148656640"	"17949216768"
"08/10/2022 11:12:30.210"	"37.272043977228932476"	"1.5856630486825447068"	"1159450624"	"1295319040"	"1546"	"3149205504"	"17949216768"
"08/10/2022 11:12:31.210"	"37.267007803839405256"	"3.1224105849019410108"	"1159716864"	"1295585280"	"1563"	"3149479936"	"17949216768"
"08/10/2022 11:12:32.208"	"37.241743327407576203"	"0"	"1160249344"	"1296117760"	"1569"	"3150032896"	"17949216768"
"08/10/2022 11:12:33.207"	"37.24108695453989526"	"0"	"1160781824"	"1296650240"	"1570"	"3150581760"	"17949216768"
"08/10/2022 11:12:34.212"	"37.068567759606182221"	"91.745296843742835335"	"1191550976"	"1327419392"	"1557"	"3101941760"	"17765650432"
"08/10/2022 11:12:35.203"	"37.068185870784375879"	"33.114373944313754805"	"1191550976"	"1327419392"	"1557"	"3101941760"	"17765650432"
"08/10/2022 11:12:36.218"	"37.067505632775720414"	"44.651888702217306104"	"1191555072"	"1327427584"	"1558"	"3101945856"	"17765650432"
"08/10/2022 11:12:37.215"	"36.795921585707908719"	"32.899377385862848655"	"1175367680"	"1311240192"	"1558"	"3008716800"	"17765650432"
"08/10/2022 11:12:38.217"	"36.795253268628208332"	"29.618456416248083229"	"1175363584"	"1311236096"	"1558"	"3008716800"	"17765650432"
"08/10/2022 11:12:39.216"	"38.563753929586091829"	"61.037889016064717396"	"1453604864"	"1589477376"	"1557"	"3615961088"	"18112401408"
"08/10/2022 11:12:40.209"	"38.062641545679106514"	"45.614908598041573384"	"1235103744"	"1370988544"	"1665"	"3425423360"	"18029232128"
"08/10/2022 11:12:41.201"	"38.049466311477466718"	"36.214241994473368891"	"1229619200"	"1365504000"	"1665"	"3419869184"	"18029232128"
"08/10/2022 11:12:42.217"	"38.070959606690088606"	"52.297954911238186071"	"1229905920"	"1365790720"	"1665"	"3419885568"	"18029232128"
"08/10/2022 11:12:43.218"	"37.420086338515410773"	"48.4217726082568376"	"1208594432"	"1344479232"	"1665"	"3202703360"	"18012454912"
"08/10/2022 11:12:44.222"	"37.443333942779183587"	"37.33839568961577271"	"1209139200"	"1345024000"	"1665"	"3203264512"	"18012454912"
"08/10/2022 11:12:45.209"	"37.409894642748383831"	"36.415172382206350221"	"1209417728"	"1345302528"	"1665"	"3200454656"	"18012454912"
"08/10/2022 11:12:46.213"	"37.349603613221461273"	"62.23048598823356059"	"1189355520"	"1325228032"	"1585"	"3180105728"	"17977991168"
"08/10/2022 11:12:47.207"	"37.352730342501942573"	"31.442544711047037964"	"1189879808"	"1325752320"	"1576"	"3180638208"	"17977991168"
"08/10/2022 11:12:48.203"	"37.35628671416926494"	"0"	"1190412288"	"1326284800"	"1577"	"3181187072"	"17977991168"
"08/10/2022 11:12:49.216"	"37.281603188552338679"	"4.6258494539869348117"	"1166761984"	"1302634496"	"1600"	"3157508096"	"17977991168"
"08/10/2022 11:12:50.216"	"37.255312394643041785"	"1.5619723657348547619"	"1167294464"	"1303166976"	"1601"	"3158061056"	"17977991168"
"08/10/2022 11:12:51.216"	"37.824723552406005922"	"60.977739210104751066"	"1194680320"	"1330552832"	"1582"	"3354447872"	"17979039744"
"08/10/2022 11:12:52.211"	"37.078103105788606797"	"45.547259685872923285"	"1195114496"	"1330987008"	"1582"	"3106734080"	"17825226752"
"08/10/2022 11:12:53.210"	"37.078091184859651719"	"29.70669349466690079"	"1195114496"	"1330987008"	"1582"	"3106734080"	"17825226752"
"08/10/2022 11:12:54.210"	"37.077936026518685253"	"34.380249864154258432"	"1195114496"	"1330987008"	"1582"	"3106734080"	"17825226752"
"08/10/2022 11:12:55.212"	"36.814992254789686399"	"34.294955573691005668"	"1183563776"	"1319436288"	"1582"	"3016581120"	"17825226752"
"08/10/2022 11:12:56.207"	"36.814825175519757749"	"25.141362338017973599"	"1183563776"	"1319436288"	"1582"	"3016581120"	"17825226752"
"08/10/2022 11:12:57.206"	"36.818047388647229923"	"35.961709422783414425"	"1183555584"	"1319428096"	"1582"	"3016581120"	"17825226752"
"08/10/2022 11:12:58.222"	"36.821018982869809122"	"18.449407493588463325"	"1183952896"	"1319825408"	"1584"	"3017134080"	"17825226752"
"08/10/2022 11:12:59.222"	"38.49422592634666529"	"65.634687679901546176"	"1400819712"	"1536692224"	"1583"	"3592630272"	"18160836608"
"08/10/2022 11:13:00.201"	"38.095722845312138816"	"54.269156629213711085"	"1242320896"	"1378217984"	"1693"	"3433775104"	"18094600192"
"08/10/2022 11:13:01.217"	"38.077356279380005333"	"36.916694083464804521"	"1236860928"	"1372758016"	"1693"	"3427586048"	"18094600192"
"08/10/2022 11:13:02.218"	"38.080113040767635368"	"42.151355212904931591"	"1238646784"	"1374543872"	"1693"	"3429335040"	"18095714304"
"08/10/2022 11:13:03.222"	"37.892855270275113355"	"59.090061812931857332"	"1238802432"	"1374699520"	"1693"	"3365351424"	"18095714304"
"08/10/2022 11:13:04.211"	"37.512933564724612268"	"63.202246480873633061"	"1239670784"	"1375567872"	"1693"	"3236016128"	"18070548480"
"08/10/2022 11:13:05.215"	"37.505248011440329492"	"35.818696547291942522"	"1239941120"	"1375838208"	"1693"	"3233202176"	"18070548480"
"08/10/2022 11:13:06.209"	"37.435505198649018155"	"64.426308923862151801"	"1217232896"	"1353117696"	"1613"	"3210223616"	"18036121600"
"08/10/2022 11:13:07.207"	"37.406039921894212341"	"3.1301447058385161171"	"1207390208"	"1343275008"	"1604"	"3200057344"	"18002567168"
"08/10/2022 11:13:08.206"	"37.397781535377212947"	"0"	"1205694464"	"1341579264"	"1605"	"3198377984"	"18002567168"
"08/10/2022 11:13:09.217"	"37.297284588519779902"	"3.0900249347708097503"	"1180995584"	"1316880384"	"1628"	"3173654528"	"18002567168"
"08/10/2022 11:13:10.213"	"37.294921636882918392"	"0"	"1181270016"	"1317154816"	"1629"	"3173933056"	"18019147776"
"08/10/2022 11:13:11.207"	"37.633813949682242139"	"81.710134279166268811"	"1204809728"	"1340694528"	"1610"	"3299053568"	"17996734464"
"08/10/2022 11:13:12.207"	"37.633813949682242139"	"32.817484975967850858"	"1204809728"	"1340694528"	"1610"	"3299053568"	"17996734464"
"08/10/2022 11:13:13.205"	"37.633742330976239998"	"43.822592123853162605"	"1204809728"	"1340694528"	"1610"	"3299053568"	"17996734464"
"08/10/2022 11:13:14.217"	"36.856081322034839332"	"35.534513740028458528"	"1197199360"	"1333084160"	"1610"	"3032055808"	"17817755648"
"08/10/2022 11:13:15.211"	"36.856081322034839332"	"21.999497355484422201"	"1197473792"	"1333358592"	"1610"	"3032330240"	"17817755648"
"08/10/2022 11:13:16.209"	"36.858993241763435833"	"37.562218057991259457"	"1198006272"	"1333891072"	"1610"	"3032879104"	"17817755648"
"08/10/2022 11:13:17.211"	"36.858993241763435833"	"45.229359391566418935"	"1198538752"	"1334423552"	"1610"	"3033432064"	"17817755648"
"08/10/2022 11:13:18.208"	"36.858802297352532662"	"21.955197947061027008"	"1199083520"	"1334968320"	"1610"	"3033980928"	"17817755648"
"08/10/2022 11:13:19.203"	"36.862370589948810107"	"23.558359093823131758"	"1199616000"	"1335500800"	"1610"	"3034529792"	"17817755648"
"08/10/2022 11:13:20.221"	"36.869161095672559725"	"24.539065554346812803"	"1200279552"	"1336164352"	"1610"	"3035213824"	"17817755648"
"08/10/2022 11:13:21.212"	"37.497836942201907107"	"74.114035147032652162"	"1217495040"	"1353437184"	"1719"	"3232309248"	"17908416512"
"08/10/2022 11:13:22.214"	"37.483539906675822806"	"56.174142438051653414"	"1211875328"	"1347817472"	"1719"	"3226632192"	"17908416512"
"08/10/2022 11:13:23.206"	"37.452821558679644909"	"42.490743690495961005"	"1200123904"	"1336053760"	"1639"	"3214598144"	"17873985536"
"08/10/2022 11:13:24.213"	"37.126973210165040484"	"38.797713365820946763"	"1200742400"	"1336672256"	"1630"	"3100999680"	"17873985536"
"08/10/2022 11:13:25.216"	"36.822880696696898895"	"0"	"1201008640"	"1336938496"	"1631"	"2999902208"	"17857208320"
"08/10/2022 11:13:26.214"	"36.794143411515776165"	"1.5643207128777183446"	"1201541120"	"1337470976"	"1654"	"3000451072"	"17857208320"
"08/10/2022 11:13:27.218"	"36.763448928660587001"	"0"	"1191817216"	"1327747072"	"1655"	"2990256128"	"17857208320"
"08/10/2022 11:13:28.218"	"36.756109454845102391"	"0"	"1190281216"	"1326211072"	"1651"	"2988728320"	"17857208320"
"08/10/2022 11:13:29.211"	"37.319553582304990869"	"84.938926520957949151"	"1207222272"	"1343152128"	"1636"	"3189518336"	"17857208320"
"08/10/2022 11:13:30.211"	"37.319517772951982693"	"39.068114087994445072"	"1207390208"	"1343320064"	"1636"	"3189518336"	"17857208320"
"08/10/2022 11:13:31.203"	"37.319434256600089839"	"26.780574215839582308"	"1207382016"	"1343311872"	"1636"	"3189518336"	"17857208320"
"08/10/2022 11:13:32.214"	"36.852477220085560816"	"24.707583281109737783"	"1207779328"	"1343709184"	"1636"	"3029479424"	"17800978432"
"08/10/2022 11:13:33.215"	"36.850496180553570014"	"37.487827702345050795"	"1208315904"	"1344245760"	"1636"	"3029405696"	"17800978432"
"08/10/2022 11:13:34.213"	"36.850496180553570014"	"20.346189220110659335"	"1208451072"	"1344380928"	"1636"	"3029680128"	"17800978432"
"08/10/2022 11:13:35.206"	"36.848610578302434249"	"29.900484138567428261"	"1205837824"	"1341767680"	"1636"	"3027083264"	"17800978432"
"08/10/2022 11:13:36.207"	"36.848371903609574929"	"28.101714919018100147"	"1205723136"	"1341652992"	"1636"	"3027357696"	"17800978432"
"08/10/2022 11:13:37.219"	"37.621402493124222133"	"58.652529867596911117"	"1230733312"	"1366663168"	"1631"	"3293679616"	"17945616384"
"08/10/2022 11:13:38.224"	"37.944756620085037468"	"62.230709052716179031"	"1229750272"	"1365692416"	"1745"	"3385225216"	"18025959424"
"08/10/2022 11:13:39.200"	"37.948491991951243563"	"25.603990453603366007"	"1222127616"	"1358069760"	"1745"	"3377471488"	"18025959424"
"08/10/2022 11:13:40.218"	"37.9446611362380537"	"41.428382883397773639"	"1229766656"	"1365708800"	"1745"	"3386380288"	"18025959424"
"08/10/2022 11:13:41.214"	"37.609695139715846324"	"47.094488573445396185"	"1207074816"	"1343004672"	"1665"	"3272392704"	"17991491584"
"08/10/2022 11:13:42.216"	"37.355296182761740909"	"35.853906616723108414"	"1207586816"	"1343516672"	"1656"	"3183587328"	"17991491584"
"08/10/2022 11:13:43.212"	"37.346918447256769014"	"0"	"1208119296"	"1344049152"	"1657"	"3182366720"	"17991491584"
"08/10/2022 11:13:44.214"	"37.267556771931140247"	"7.798162298797431724"	"1192890368"	"1328820224"	"1680"	"3165900800"	"17991491584"
"08/10/2022 11:13:45.212"	"37.267055534121361404"	"0"	"1193156608"	"1329086464"	"1681"	"3166175232"	"17991491584"
"08/10/2022 11:13:46.214"	"37.827217773959795011"	"48.372236178947360941"	"1217503232"	"1353433088"	"1671"	"3359158272"	"17991491584"
"08/10/2022 11:13:47.211"	"37.63296660912059366"	"62.696912192121800445"	"1209372672"	"1345302528"	"1661"	"3299618816"	"17980022784"
"08/10/2022 11:13:48.204"	"37.63296660912059366"	"42.469099860444650574"	"1209393152"	"1345323008"	"1661"	"3299618816"	"17980022784"
"08/10/2022 11:13:49.208"	"37.63256085515780569"	"24.892234051122475336"	"1209929728"	"1345859584"	"1661"	"3300171776"	"17980022784"
"08/10/2022 11:13:50.203"	"36.892277406736340595"	"42.426458542448628464"	"1206788096"	"1342717952"	"1661"	"3045838848"	"17834336256"
"08/10/2022 11:13:51.212"	"36.874746237153829043"	"29.413618037010181183"	"1207320576"	"1343250432"	"1661"	"3046387712"	"17834336256"
"08/10/2022 11:13:52.207"	"36.87845774387905351"	"25.129522585309199911"	"1207853056"	"1343782912"	"1661"	"3046936576"	"17834336256"
"08/10/2022 11:13:53.216"	"36.878242934327168712"	"35.605418939179948268"	"1208152064"	"1344086016"	"1657"	"3047436288"	"17833287680"
"08/10/2022 11:13:54.217"	"38.638986423294760186"	"67.164858726123426891"	"1500270592"	"1636204544"	"1657"	"3651915776"	"18180038656"
"08/10/2022 11:13:55.210"	"38.157994914371052175"	"50.332070870777037896"	"1271394304"	"1407340544"	"1765"	"3466080256"	"18080260096"
"08/10/2022 11:13:56.213"	"38.144604870617534687"	"42.068081337507216233"	"1266454528"	"1402400768"	"1765"	"3461140480"	"18080260096"
"08/10/2022 11:13:57.211"	"38.14373366491490458"	"48.51763172054965878"	"1267269632"	"1403219968"	"1765"	"3461709824"	"18080260096"
"08/10/2022 11:13:58.216"	"37.523686172795407856"	"38.87508709263511264"	"1248653312"	"1384603648"	"1765"	"3248570368"	"18046705664"
"08/10/2022 11:13:59.217"	"37.523161069844654492"	"37.449282436795847673"	"1248727040"	"1384677376"	"1765"	"3248652288"	"18046705664"
"08/10/2022 11:14:00.214"	"37.513828612285159636"	"58.024294477271489257"	"1249591296"	"1385541632"	"1765"	"3245744128"	"18046705664"
"08/10/2022 11:14:01.211"	"37.452654479409716259"	"59.562072557488555447"	"1230123008"	"1366061056"	"1683"	"3226017792"	"18012266496"
"08/10/2022 11:14:02.207"	"37.455124835822530827"	"14.106747223340729391"	"1230630912"	"1366568960"	"1674"	"3226542080"	"18012266496"
"08/10/2022 11:14:03.206"	"37.45557832006728205"	"0"	"1231032320"	"1366970368"	"1675"	"3226959872"	"18012266496"
"08/10/2022 11:14:04.221"	"37.354448865483149689"	"3.0809012124061041504"	"1206067200"	"1342005248"	"1698"	"3201957888"	"18012266496"
"08/10/2022 11:14:05.223"	"37.354448865483149689"	"1.5580997704383050539"	"1206599680"	"1342537728"	"1699"	"3202510848"	"18012266496"
"08/10/2022 11:14:06.204"	"37.93757230461052643"	"41.43760384263522667"	"1238573056"	"1374511104"	"1689"	"3403419648"	"18012266496"
"08/10/2022 11:14:07.217"	"37.182967932238938147"	"30.855104036499270137"	"1236176896"	"1372114944"	"1681"	"3151880192"	"17850064896"
"08/10/2022 11:14:08.218"	"37.183767519235559007"	"31.207978457007641282"	"1236176896"	"1372114944"	"1681"	"3151880192"	"17850064896"
"08/10/2022 11:14:09.217"	"37.186715248317156579"	"25.016152929946866124"	"1236176896"	"1372114944"	"1681"	"3151880192"	"17850064896"
"08/10/2022 11:14:10.214"	"36.909904060165843021"	"31.364486649166789078"	"1219657728"	"1355595776"	"1681"	"3057430528"	"17850064896"
"08/10/2022 11:14:11.210"	"36.907362108330090678"	"26.646078088532494377"	"1219653632"	"1355591680"	"1681"	"3057430528"	"17850064896"
"08/10/2022 11:14:12.204"	"37.335855545787104859"	"53.481001635486776991"	"1239461888"	"1375399936"	"1680"	"3208015872"	"17872478208"
"08/10/2022 11:14:13.214"	"38.170287021941106786"	"54.129227387493607182"	"1277304832"	"1413255168"	"1790"	"3474395136"	"18119434240"
"08/10/2022 11:14:14.218"	"38.159415064882352908"	"35.800249005363241395"	"1273094144"	"1409044480"	"1790"	"3469901824"	"18119434240"
"08/10/2022 11:14:15.216"	"38.158448398615803399"	"57.934063044486251215"	"1273688064"	"1409638400"	"1790"	"3470245888"	"18136014848"
"08/10/2022 11:14:16.218"	"37.726315049856509631"	"46.790697200853223592"	"1259708416"	"1395658752"	"1790"	"3321528320"	"18119237632"
"08/10/2022 11:14:17.214"	"37.543997992189595436"	"40.773120592488396596"	"1260007424"	"1395957760"	"1790"	"3258478592"	"18119237632"
"08/10/2022 11:14:18.216"	"37.539057279363987618"	"37.431604971396268411"	"1260568576"	"1396518912"	"1790"	"3256700928"	"18119237632"
"08/10/2022 11:14:19.218"	"37.528698481043967661"	"35.853835075850504666"	"1257283584"	"1393233920"	"1790"	"3253420032"	"18119237632"
"08/10/2022 11:14:20.211"	"37.468777419409896368"	"64.5557641382035996"	"1238319104"	"1374257152"	"1710"	"3234193408"	"18084814848"
"08/10/2022 11:14:21.211"	"37.472095116384352309"	"0"	"1238552576"	"1374490624"	"1701"	"3234435072"	"18084814848"
"08/10/2022 11:14:22.207"	"37.470889752141872009"	"1.5697790655268482052"	"1239085056"	"1375023104"	"1702"	"3234983936"	"18084814848"
"08/10/2022 11:14:23.222"	"37.373686613834856018"	"0"	"1215434752"	"1351372800"	"1725"	"3211304960"	"18084814848"
"08/10/2022 11:14:24.219"	"37.372290328464536913"	"0"	"1215967232"	"1351905280"	"1726"	"3211853824"	"18084814848"
"08/10/2022 11:14:25.215"	"37.960103861512642709"	"64.328201202245764989"	"1238564864"	"1374502912"	"1707"	"3421949952"	"18084814848"
"08/10/2022 11:14:26.210"	"37.721613035006825498"	"48.688361915935665536"	"1238564864"	"1374502912"	"1707"	"3339309056"	"18062401536"
"08/10/2022 11:14:27.202"	"37.721613035006825498"	"25.192493322225793406"	"1238564864"	"1374502912"	"1707"	"3339309056"	"18062401536"
"08/10/2022 11:14:28.214"	"37.721171471691036459"	"29.326233067465203419"	"1238564864"	"1374502912"	"1707"	"3339309056"	"18062401536"
"08/10/2022 11:14:29.211"	"36.939321583355614109"	"42.321230857386254343"	"1230176256"	"1366114304"	"1707"	"3071086592"	"17883422720"
"08/10/2022 11:14:30.210"	"36.939930225941338904"	"28.143228369014611445"	"1230180352"	"1366118400"	"1707"	"3071086592"	"17883422720"
"08/10/2022 11:14:31.207"	"37.369056194408109661"	"59.562466908347332151"	"1250205696"	"1386143744"	"1706"	"3218870272"	"17905836032"
"08/10/2022 11:14:32.210"	"38.056841571362888033"	"59.236020448822969797"	"1252511744"	"1388462080"	"1816"	"3426881536"	"18119249920"
"08/10/2022 11:14:33.213"	"38.050218144909067064"	"54.47849326060568842"	"1251663872"	"1387614208"	"1816"	"3431448576"	"18119249920"
"08/10/2022 11:14:34.206"	"38.097381670516305974"	"36.195589028005286991"	"1260539904"	"1400262656"	"1816"	"3440103424"	"18127544320"
"08/10/2022 11:14:35.204"	"37.969424374860111016"	"43.866205966225123802"	"1260806144"	"1396756480"	"1816"	"3404447744"	"18119249920"
"08/10/2022 11:14:36.212"	"37.54661156273134992"	"37.189597028402438639"	"1261670400"	"1397620736"	"1816"	"3258933248"	"18085695488"
"08/10/2022 11:14:37.208"	"37.549010300438155241"	"43.910937978786044766"	"1261998080"	"1397948416"	"1816"	"3258916864"	"18085695488"
"08/10/2022 11:14:38.199"	"37.563892113408982709"	"39.442277860838657944"	"1255686144"	"1391636480"	"1816"	"3252645888"	"18085695488"
"08/10/2022 11:14:39.216"	"37.50121429038728138"	"53.757738411084922348"	"1247035392"	"1382985728"	"1816"	"3243606016"	"18085695488"
"08/10/2022 11:14:40.220"	"37.496130363432719435"	"51.366198934153239009"	"1245659136"	"1381609472"	"1816"	"3242229760"	"18085695488"
"08/10/2022 11:14:41.224"	"37.436567325479479962"	"48.228237676720709715"	"1225940992"	"1361879040"	"1736"	"3222237184"	"18051260416"
"08/10/2022 11:14:42.201"	"37.441102284342306916"	"39.986463206670208592"	"1226182656"	"1362120704"	"1727"	"3222487040"	"18051260416"
"08/10/2022 11:14:43.215"	"37.439157030880252819"	"0"	"1226702848"	"1362640896"	"1724"	"3223007232"	"18050211840"
"08/10/2022 11:14:44.218"	"37.407460072405513074"	"1.5588636387897951696"	"1225187328"	"1361125376"	"1747"	"3223556096"	"18050211840"
"08/10/2022 11:14:45.222"	"37.407460072405513074"	"0"	"1225719808"	"1361657856"	"1748"	"3224109056"	"18050211840"
"08/10/2022 11:14:46.221"	"37.822635084815004802"	"51.621301824908748301"	"1252958208"	"1388896256"	"1732"	"3371548672"	"18051260416"
"08/10/2022 11:14:47.211"	"37.229152870650672469"	"45.776800352939758909"	"1248694272"	"1384632320"	"1733"	"3169923072"	"17891614720"
"08/10/2022 11:14:48.201"	"37.240585716730116417"	"26.820962890995364347"	"1248694272"	"1384632320"	"1733"	"3169923072"	"17891614720"
"08/10/2022 11:14:49.214"	"37.240418637460194873"	"26.226776282167236332"	"1248694272"	"1384632320"	"1733"	"3169923072"	"17891614720"
"08/10/2022 11:14:50.210"	"36.969180693144252814"	"32.932710981625127999"	"1240961024"	"1376899072"	"1733"	"3076677632"	"17891614720"
"08/10/2022 11:14:51.202"	"36.971662970486022459"	"28.369788721987671209"	"1240956928"	"1376894976"	"1733"	"3076677632"	"17891614720"
"08/10/2022 11:14:52.213"	"36.972963795292415057"	"35.518365527591654995"	"1240952832"	"1376890880"	"1733"	"3076677632"	"17891614720"
"08/10/2022 11:14:53.213"	"36.969956391716827682"	"29.70681537135445538"	"1241489408"	"1369133056"	"1733"	"3077214208"	"17883320320"
"08/10/2022 11:14:54.204"	"37.182514447994186924"	"33.114637956717082545"	"1242038272"	"1369681920"	"1733"	"3077791744"	"17884368896"
"08/10/2022 11:14:55.223"	"37.207790845354971054"	"27.579047925177967215"	"1242570752"	"1370214400"	"1733"	"3078340608"	"17884368896"
"08/10/2022 11:14:56.201"	"37.22789977612623602"	"25.57811135727485663"	"1243103232"	"1370746880"	"1733"	"3078889472"	"17884368896"
"08/10/2022 11:14:57.216"	"37.220966079556603745"	"20.016308672419867776"	"1243373568"	"1371164672"	"1733"	"3079172096"	"17884368896"
