Frame, Time (ms)
    1,     0.000
    2,    10.054
    3,    21.084
    4,    33.069
    5,    44.038
    6,    54.843
    7,    65.969
    8,    76.689
    9,    87.890
   10,    99.732
   11,   110.795
   12,   121.432
   13,   133.536
   14,   144.916
   15,   156.413
   16,   167.896
   17,   178.300
   18,   189.406
   19,   200.256
   20,   211.472
   21,   222.279
   22,   234.295
   23,   245.027
   24,   255.917
   25,   266.847
   26,   277.941
   27,   289.403
   28,   301.266
   29,   311.852
   30,   322.683
   31,   333.609
   32,   344.626
   33,   355.678
   34,   366.852
   35,   378.474
   36,   389.748
   37,   400.549
   38,   411.771
   39,   422.267
   40,   433.413
   41,   445.167
   42,   456.142
   43,   467.746
   44,   478.086
   45,   488.986
   46,   500.036
   47,   510.949
   48,   523.198
   49,   533.915
   50,   544.902
   51,   556.033
   52,   567.001
   53,   577.799
   54,   589.135
   55,   600.700
   56,   612.045
   57,   622.582
   58,   633.680
   59,   645.080
   60,   655.451
   61,   667.452
   62,   678.403
   63,   689.454
   64,   700.472
   65,   711.571
   66,   722.320
   67,   733.537
   68,   745.027
   69,   755.939
   70,   767.197
   71,   778.031
   72,   788.962
   73,   800.025
   74,   812.134
   75,   822.804
   76,   833.860
   77,   844.736
   78,   855.575
   79,   866.929
   80,   878.809
   81,   889.235
   82,   900.160
   83,   911.160
   84,   923.060
   85,   934.580
   86,   944.967
   87,   955.836
   88,   966.774
   89,   977.873
   90,   989.005
   91,  1001.131
   92,  1011.989
   93,  1023.072
   94,  1033.911
   95,  1044.721
   96,  1055.539
   97,  1067.359
   98,  1078.510
   99,  1089.232
  100,  1100.997
  101,  1112.054
  102,  1122.711
  103,  1133.688
  104,  1144.623
  105,  1156.503
  106,  1168.059
  107,  1178.613
  108,  1189.410
  109,  1200.592
  110,  1211.211
  111,  1223.391
  112,  1234.138
  113,  1245.495
  114,  1256.252
  115,  1266.863
  116,  1278.056
  117,  1289.452
  118,  1300.956
  119,  1311.822
  120,  1322.872
  121,  1334.277
  122,  1345.013
  123,  1355.722
  124,  1367.772
  125,  1378.969
  126,  1389.440
  127,  1400.928
  128,  1411.357
  129,  1422.879
  130,  1434.941
  131,  1445.292
  132,  1456.299
  133,  1467.279
  134,  1478.119
  135,  1489.020
  136,  1501.193
  137,  1512.457
  138,  1523.212
  139,  1534.069
  140,  1544.868
  141,  1555.712
  142,  1567.337
  143,  1578.911
  144,  1589.844
  145,  1601.238
  146,  1611.483
  147,  1622.629
  148,  1633.612
  149,  1645.632
  150,  1656.566
  151,  1667.547
  152,  1678.801
  153,  1689.298
  154,  1700.124
  155,  1711.254
  156,  1723.783
  157,  1734.547
  158,  1745.186
  159,  1756.106
  160,  1767.168
  161,  1777.977
  162,  1790.562
  163,  1800.918
  164,  1812.258
  165,  1823.201
  166,  1833.709
  167,  1844.760
  168,  1856.185
  169,  1867.861
  170,  1878.546
  171,  1890.139
  172,  1900.452
  173,  1912.143
  174,  1922.340
  175,  1934.354
  176,  1945.360
  177,  1956.197
  178,  1967.578
  179,  1978.178
  180,  1989.538
  181,  2001.061
  182,  2012.497
  183,  2023.341
  184,  2034.144
  185,  2045.635
  186,  2055.683
  187,  2066.597
  188,  2079.304
  189,  2089.690
  190,  2100.559
  191,  2111.439
  192,  2122.522
  193,  2133.552
  194,  2144.769
  195,  2155.223
  196,  2167.570
  197,  2178.760
  198,  2189.214
  199,  2200.110
  200,  2211.081
  201,  2222.004
  202,  2234.196
  203,  2245.125
  204,  2256.074
  205,  2266.845
  206,  2278.070
  207,  2289.006
  208,  2300.446
  209,  2311.435
  210,  2322.214
  211,  2333.981
  212,  2345.836
  213,  2356.185
  214,  2366.923
  215,  2378.214
  216,  2388.778
  217,  2399.998
  218,  2411.036
  219,  2423.451
  220,  2434.312
  221,  2444.750
  222,  2455.688
  223,  2467.160
  224,  2477.481
  225,  2489.617
  226,  2501.163
  227,  2511.608
  228,  2522.716
  229,  2533.786
  230,  2544.517
  231,  2555.453
  232,  2567.192
  233,  2578.150
  234,  2589.250
  235,  2600.175
  236,  2611.045
  237,  2622.053
  238,  2634.651
  239,  2645.613
  240,  2656.395
  241,  2666.837
  242,  2678.061
  243,  2689.040
  244,  2700.911
  245,  2711.074
  246,  2722.107
  247,  2733.233
  248,  2745.699
  249,  2756.792
  250,  2767.194
  251,  2778.073
  252,  2788.939
  253,  2800.748
  254,  2811.201
  255,  2822.358
  256,  2833.338
  257,  2845.398
  258,  2856.220
  259,  2866.896
  260,  2877.832
  261,  2888.790
  262,  2900.628
  263,  2911.605
  264,  2922.612
  265,  2933.580
  266,  2944.528
  267,  2955.532
  268,  2967.512
  269,  2978.547
  270,  2989.643
  271,  3000.078
  272,  3011.015
  273,  3022.009
  274,  3034.510
  275,  3045.422
  276,  3055.870
  277,  3066.639
  278,  3077.741
  279,  3088.802
  280,  3100.863
  281,  3111.560
  282,  3122.519
  283,  3133.457
  284,  3145.018
  285,  3155.385
  286,  3167.405
  287,  3178.267
  288,  3189.292
  289,  3200.409
  290,  3211.129
  291,  3222.058
  292,  3234.150
  293,  3245.144
  294,  3255.818
  295,  3267.153
  296,  3278.134
  297,  3288.732
  298,  3301.222
  299,  3311.637
  300,  3322.726
  301,  3334.033
  302,  3344.535
  303,  3355.685
  304,  3366.733
  305,  3378.732
  306,  3389.566
  307,  3400.219
  308,  3411.529
  309,  3422.262
  310,  3433.160
  311,  3444.476
  312,  3456.020
  313,  3467.539
  314,  3477.919
  315,  3489.595
  316,  3499.915
  317,  3510.959
  318,  3522.747
  319,  3533.939
  320,  3544.797
  321,  3555.868
  322,  3566.999
  323,  3578.106
  324,  3590.102
  325,  3600.720
  326,  3611.426
  327,  3622.415
  328,  3633.402
  329,  3644.389
  330,  3656.260
  331,  3667.967
  332,  3678.147
  333,  3689.327
  334,  3700.120
  335,  3711.100
  336,  3722.259
  337,  3734.389
  338,  3745.304
  339,  3755.834
  340,  3766.842
  341,  3777.784
  342,  3788.686
  343,  3800.697
  344,  3811.636
  345,  3822.556
  346,  3833.592
  347,  3844.376
  348,  3855.400
  349,  3866.775
  350,  3878.465
  351,  3889.755
  352,  3901.644
  353,  3911.486
  354,  3922.647
  355,  3933.062
  356,  3945.100
  357,  3956.560
  358,  3967.132
  359,  3978.092
  360,  3988.966
  361,  4000.168
  362,  4011.087
  363,  4022.172
  364,  4033.040
  365,  4045.655
  366,  4056.261
  367,  4066.862
  368,  4078.392
  369,  4089.118
  370,  4100.225
  371,  4111.634
  372,  4122.885
  373,  4133.575
  374,  4144.613
  375,  4156.698
  376,  4168.056
  377,  4178.595
  378,  4189.570
  379,  4200.459
  380,  4211.554
  381,  4223.248
  382,  4234.534
  383,  4245.589
  384,  4256.590
  385,  4267.025
  386,  4278.125
  387,  4290.536
  388,  4300.784
  389,  4311.431
  390,  4322.730
  391,  4334.854
  392,  4345.223
  393,  4356.444
  394,  4367.231
  395,  4378.266
  396,  4389.170
  397,  4401.180
  398,  4412.073
  399,  4423.150
  400,  4434.067
  401,  4445.025
  402,  4456.052
  403,  4467.092
  404,  4479.100
  405,  4490.167
  406,  4501.126
  407,  4512.147
  408,  4523.158
  409,  4533.510
  410,  4545.509
  411,  4556.555
  412,  4567.336
  413,  4578.280
  414,  4589.410
  415,  4601.008
  416,  4612.000
  417,  4622.960
  418,  4633.826
  419,  4644.712
  420,  4655.824
  421,  4668.127
  422,  4679.902
  423,  4690.056
  424,  4701.398
  425,  4712.349
  426,  4723.759
  427,  4734.134
  428,  4745.794
  429,  4756.038
  430,  4766.995
  431,  4779.111
  432,  4789.930
  433,  4801.029
  434,  4811.552
  435,  4824.096
  436,  4834.608
  437,  4845.456
  438,  4856.487
  439,  4867.988
  440,  4878.417
  441,  4889.865
  442,  4901.230
  443,  4911.995
  444,  4922.519
  445,  4934.664
  446,  4946.132
  447,  4956.603
  448,  4967.634
  449,  4979.569
  450,  4989.554
  451,  5000.359
  452,  5012.626
  453,  5023.076
  454,  5034.543
  455,  5045.467
  456,  5056.066
  457,  5066.966
  458,  5078.944
  459,  5090.346
  460,  5100.886
  461,  5111.860
  462,  5123.362
  463,  5133.785
  464,  5144.763
  465,  5156.976
  466,  5167.806
  467,  5178.944
  468,  5189.987
  469,  5200.903
  470,  5211.452
  471,  5222.788
  472,  5234.423
  473,  5245.332
  474,  5256.673
  475,  5267.777
  476,  5278.784
  477,  5289.267
  478,  5299.994
  479,  5312.127
  480,  5323.075
  481,  5333.974
  482,  5345.203
  483,  5355.987
  484,  5366.628
  485,  5379.351
  486,  5389.710
  487,  5401.270
  488,  5412.201
  489,  5422.664
  490,  5433.646
  491,  5445.904
  492,  5456.567
  493,  5467.747
  494,  5478.518
  495,  5489.765
  496,  5500.229
  497,  5511.144
  498,  5522.991
  499,  5534.799
  500,  5545.037
  501,  5556.169
  502,  5567.517
  503,  5577.914
  504,  5589.886
  505,  5601.050
  506,  5611.819
  507,  5622.982
  508,  5633.712
  509,  5644.803
  510,  5656.996
  511,  5667.863
  512,  5678.782
  513,  5689.417
  514,  5700.545
  515,  5711.463
  516,  5722.634
  517,  5734.451
  518,  5745.288
  519,  5756.361
  520,  5767.282
  521,  5778.156
  522,  5789.084
  523,  5801.011
  524,  5812.022
  525,  5823.018
  526,  5833.970
  527,  5844.977
  528,  5855.874
  529,  5866.937
  530,  5878.883
  531,  5889.922
  532,  5900.772
  533,  5911.695
  534,  5922.566
  535,  5933.577
  536,  5945.551
  537,  5956.581
  538,  5967.414
  539,  5978.371
  540,  5989.239
  541,  6000.355
  542,  6012.320
  543,  6023.114
  544,  6034.148
  545,  6045.069
  546,  6056.101
  547,  6067.118
  548,  6078.931
  549,  6089.828
  550,  6100.843
  551,  6111.693
  552,  6122.680
  553,  6134.833
  554,  6145.675
  555,  6156.726
  556,  6167.604
  557,  6178.646
  558,  6190.429
  559,  6201.297
  560,  6212.460
  561,  6223.219
  562,  6234.130
  563,  6245.048
  564,  6255.984
  565,  6267.969
  566,  6279.107
  567,  6289.947
  568,  6300.861
  569,  6311.859
  570,  6322.834
  571,  6334.701
  572,  6345.736
  573,  6356.724
  574,  6367.648
  575,  6378.664
  576,  6389.552
  577,  6401.644
  578,  6412.472
  579,  6423.351
  580,  6434.460
  581,  6445.395
  582,  6456.280
  583,  6468.321
  584,  6479.059
  585,  6490.001
  586,  6500.948
  587,  6511.945
  588,  6522.881
  589,  6533.834
  590,  6545.870
  591,  6556.863
  592,  6567.674
  593,  6578.620
  594,  6589.727
  595,  6600.637
  596,  6612.459
  597,  6623.495
  598,  6634.433
  599,  6645.363
  600,  6656.282
  601,  6667.379
  602,  6679.184
  603,  6690.162
  604,  6701.294
  605,  6712.554
  606,  6723.551
  607,  6734.444
  608,  6745.318
  609,  6756.313
  610,  6767.350
  611,  6778.171
  612,  6790.169
  613,  6801.085
  614,  6812.219
  615,  6822.971
  616,  6834.086
  617,  6845.592
  618,  6857.152
  619,  6867.783
  620,  6878.742
  621,  6890.014
  622,  6900.701
  623,  6911.683
  624,  6923.997
  625,  6934.459
  626,  6946.074
  627,  6956.321
  628,  6967.473
  629,  6978.926
  630,  6990.262
  631,  7001.161
  632,  7012.216
  633,  7023.011
  634,  7034.086
  635,  7044.879
  636,  7056.087
  637,  7067.865
  638,  7079.282
  639,  7090.329
  640,  7100.853
  641,  7112.223
  642,  7122.752
  643,  7134.746
  644,  7145.742
  645,  7156.729
  646,  7167.673
  647,  7178.614
  648,  7190.652
  649,  7201.371
  650,  7212.354
  651,  7223.328
  652,  7234.318
  653,  7245.267
  654,  7256.453
  655,  7268.239
  656,  7279.206
  657,  7290.124
  658,  7301.088
  659,  7312.642
  660,  7323.001
  661,  7334.908
  662,  7345.923
  663,  7356.905
  664,  7367.776
  665,  7378.878
  666,  7389.579
  667,  7401.598
  668,  7413.080
  669,  7423.511
  670,  7434.442
  671,  7445.403
  672,  7457.046
  673,  7468.405
  674,  7479.349
  675,  7490.334
  676,  7501.135
  677,  7512.446
  678,  7523.465
  679,  7534.050
  680,  7546.013
  681,  7557.142
  682,  7567.843
  683,  7579.334
  684,  7590.387
  685,  7601.230
  686,  7612.911
  687,  7623.688
  688,  7634.776
  689,  7645.751
  690,  7656.424
  691,  7668.619
  692,  7680.709
  693,  7691.558
  694,  7701.637
  695,  7712.547
  696,  7723.468
  697,  7734.619
  698,  7747.391
  699,  7757.594
  700,  7768.277
  701,  7779.248
  702,  7790.039
  703,  7800.975
  704,  7811.963
  705,  7824.386
  706,  7835.186
  707,  8279.045
  708,  8290.269
  709,  8300.358
  710,  8323.599
  711,  8334.312
  712,  8345.464
  713,  8671.595
  714,  8691.081
  715,  8725.680
  716,  8734.382
  717,  8745.099
  718,  8756.189
  719,  8767.315
  720,  8778.827
  721,  8901.071
  722,  8919.928
  723,  8922.461
  724,  8934.176
  725,  8945.771
  726,  8956.158
  727,  8967.224
  728,  8978.148
  729,  8989.120
  730,  9000.092
  731,  9012.060
  732,  9023.040
  733,  9033.937
  734,  9045.128
  735,  9056.014
  736,  9089.644
  737,  9100.364
  738,  9111.302
  739,  9123.095
  740,  9130.186
  741,  9141.196
  742,  9152.141
  743,  9163.757
  744,  9174.984
  745,  9188.546
  746,  9196.341
  747,  9208.489
  748,  9219.215
  749,  9230.297
  750,  9241.299
  751,  9252.292
  752,  9263.043
  753,  9274.918
  754,  9285.856
  755,  9297.359
  756,  9307.997
  757,  9319.127
  758,  9330.078
  759,  9341.822
  760,  9352.706
  761,  9363.738
  762,  9374.773
  763,  9385.646
  764,  9396.813
  765,  9407.348
  766,  9419.698
  767,  9431.008
  768,  9441.499
  769,  9452.479
  770,  9463.802
  771,  9474.071
  772,  9486.240
  773,  9497.059
  774,  9508.090
  775,  9519.131
  776,  9530.272
  777,  9541.095
  778,  9552.936
  779,  9564.028
  780,  9574.927
  781,  9586.411
  782,  9596.662
  783,  9608.159
  784,  9618.947
  785,  9630.536
  786,  9642.015
  787,  9652.455
  788,  9663.360
  789,  9674.348
  790,  9685.434
  791,  9697.499
  792,  9708.558
  793,  9719.670
  794,  9730.302
  795,  9741.497
  796,  9752.249
  797,  9763.989
  798,  9774.779
  799,  9785.772
  800,  9797.289
  801,  9807.786
  802,  9818.895
  803,  9829.855
  804,  9841.732
  805,  9852.983
  806,  9863.766
  807,  9874.751
  808,  9885.665
  809,  9896.286
  810,  9963.546
  811,  9976.082
  812,  9986.068
  813,  9997.169
  814, 10008.095
  815, 10019.210
  816, 10030.168
  817, 10041.693
  818, 10052.779
  819, 10063.731
  820, 10075.240
  821, 10085.483
  822, 10096.705
  823, 10107.624
  824, 10120.684
  825, 10132.473
  826, 10143.306
  827, 10154.303
  828, 10165.610
  829, 10177.483
  830, 10188.013
  831, 10199.044
  832, 10210.305
  833, 10220.984
  834, 10232.106
  835, 10244.119
  836, 10254.837
  837, 10265.926
  838, 10276.898
  839, 10287.551
  840, 10298.916
  841, 10309.892
  842, 10321.814
  843, 10332.603
  844, 10343.286
  845, 10354.234
  846, 10365.625
  847, 10376.470
  848, 10388.909
  849, 10399.802
  850, 10410.156
  851, 10421.086
  852, 10432.141
  853, 10443.146
  854, 10455.249
  855, 10466.063
  856, 10477.093
  857, 10488.141
  858, 10498.845
  859, 10509.773
  860, 10522.128
  861, 10532.510
  862, 10543.520
  863, 10554.423
  864, 10565.314
  865, 10576.649
  866, 10587.466
  867, 10599.162
  868, 10610.683
  869, 10622.003
  870, 10632.719
  871, 10643.692
  872, 10654.231
  873, 10665.561
  874, 10677.764
  875, 10687.968
  876, 10699.634
  877, 10709.948
  878, 10720.922
  879, 10731.886
  880, 10743.145
  881, 10755.210
  882, 10766.126
  883, 10776.918
  884, 10787.618
  885, 10798.946
  886, 10809.879
  887, 10822.196
  888, 10832.472
  889, 10843.570
  890, 10854.506
  891, 10865.425
  892, 10876.710
  893, 10888.585
  894, 10899.398
  895, 10910.128
  896, 10921.141
  897, 10932.023
  898, 10943.939
  899, 10954.865
  900, 10966.287
  901, 10976.793
  902, 10987.729
  903, 10998.715
  904, 11009.747
  905, 11021.747
  906, 11032.466
  907, 11043.820
  908, 11054.347
  909, 11065.146
  910, 11076.531
  911, 11088.169
  912, 11098.905
  913, 11109.735
  914, 11121.484
  915, 11133.461
  916, 11144.700
  917, 11155.838
  918, 11190.955
  919, 11199.827
  920, 11210.849
  921, 11221.478
  922, 11233.893
  923, 11244.456
  924, 11255.511
  925, 11266.913
  926, 11278.704
  927, 11288.575
  928, 11300.992
  929, 11311.186
  930, 11322.111
  931, 11333.324
  932, 11344.254
  933, 11354.930
  934, 11366.923
  935, 11377.835
  936, 11389.040
  937, 11400.359
  938, 11411.134
  939, 11422.225
  940, 11433.410
  941, 11444.672
  942, 11455.709
  943, 11466.589
  944, 11477.477
  945, 11488.575
  946, 11499.657
  947, 11512.695
  948, 11522.477
  949, 11533.141
  950, 11544.667
  951, 11555.591
  952, 11566.686
  953, 11578.173
  954, 11589.542
  955, 11599.925
  956, 11610.804
  957, 11621.804
  958, 11633.106
  959, 11644.141
  960, 11655.953
  961, 11666.877
  962, 11677.922
  963, 11688.880
  964, 11699.684
  965, 11710.574
  966, 11722.610
  967, 11733.464
  968, 11744.342
  969, 11755.258
  970, 11766.148
  971, 11777.293
  972, 11789.374
  973, 11800.366
  974, 11811.155
  975, 11822.420
  976, 11833.516
  977, 11844.367
  978, 11856.436
  979, 11866.771
  980, 11877.766
  981, 11888.621
  982, 11899.600
  983, 11910.521
  984, 11921.655
  985, 11933.479
  986, 11944.670
  987, 11955.770
  988, 11966.419
  989, 11977.713
  990, 11988.245
  991, 12000.801
  992, 12011.032
  993, 12022.126
  994, 12033.233
  995, 12043.988
  996, 12055.066
  997, 12067.134
  998, 12078.084
  999, 12090.417
 1000, 12099.873
 1001, 12111.228
 1002, 12121.807
 1003, 12133.065
 1004, 12143.902
 1005, 12155.497
 1006, 12166.409
 1007, 12177.524
 1008, 12188.224
 1009, 12199.497
 1010, 12210.317
 1011, 12222.526
 1012, 12233.607
 1013, 12244.434
 1014, 12255.076
 1015, 12265.960
 1016, 12277.436
 1017, 12287.797
 1018, 12299.740
 1019, 12311.304
 1020, 12321.669
 1021, 12332.655
 1022, 12343.866
 1023, 12355.681
 1024, 12366.646
 1025, 12377.749
 1026, 12388.468
 1027, 12399.629
 1028, 12410.338
 1029, 12421.728
 1030, 12433.799
 1031, 12444.254
 1032, 12455.404
 1033, 12466.126
 1034, 12477.245
 1035, 12488.351
 1036, 12500.164
 1037, 12510.932
 1038, 12521.525
 1039, 12532.705
 1040, 12544.292
 1041, 12555.463
 1042, 12567.900
 1043, 12577.373
 1044, 12588.181
 1045, 12599.372
 1046, 12610.387
 1047, 12622.156
 1048, 12633.153
 1049, 12644.268
 1050, 12654.901
 1051, 12666.062
 1052, 12677.073
 1053, 12688.619
 1054, 12699.752
 1055, 12710.825
 1056, 12721.690
 1057, 12732.726
 1058, 12743.885
 1059, 12755.579
 1060, 12766.699
 1061, 12777.303
 1062, 12788.449
 1063, 12799.760
 1064, 12810.509
 1065, 12822.213
 1066, 12833.018
 1067, 12844.000
 1068, 12855.063
 1069, 12866.443
 1070, 12877.210
 1071, 12889.125
 1072, 12899.383
 1073, 12910.737
 1074, 12921.758
 1075, 12933.199
 1076, 12944.809
 1077, 12955.204
 1078, 12966.962
 1079, 12977.412
 1080, 12988.409
 1081, 12999.946
 1082, 13010.653
 1083, 13021.847
 1084, 13033.075
 1085, 13044.324
 1086, 13055.431
 1087, 13066.243
 1088, 13077.456
 1089, 13088.431
 1090, 13098.954
 1091, 13111.261
 1092, 13123.953
 1093, 13134.490
 1094, 13145.340
 1095, 13155.851
 1096, 13166.786
 1097, 13178.298
 1098, 13188.688
 1099, 13200.637
 1100, 13211.627
 1101, 13222.545
 1102, 13233.632
 1103, 13244.596
 1104, 13256.114
 1105, 13267.475
 1106, 13278.390
 1107, 13289.272
 1108, 13300.853
 1109, 13311.756
 1110, 13322.208
 1111, 13334.088
 1112, 13345.063
 1113, 13356.077
 1114, 13366.914
 1115, 13378.077
 1116, 13390.285
 1117, 13401.084
 1118, 13412.060
 1119, 13422.856
 1120, 13433.868
 1121, 13445.167
 1122, 13456.083
 1123, 13466.423
 1124, 13478.946
 1125, 13489.299
 1126, 13500.427
 1127, 13511.562
 1128, 13522.935
 1129, 13533.361
 1130, 13545.329
 1131, 13556.060
 1132, 13567.169
 1133, 13578.136
 1134, 13589.260
 1135, 13599.918
 1136, 13611.891
 1137, 13622.854
 1138, 13634.294
 1139, 13644.989
 1140, 13656.966
 1141, 13666.849
 1142, 13677.863
 1143, 13689.691
 1144, 13700.603
 1145, 13711.521
 1146, 13723.078
 1147, 13733.580
 1148, 13744.579
 1149, 13756.150
 1150, 13767.593
 1151, 13778.395
 1152, 13789.423
 1153, 13800.334
 1154, 13811.273
 1155, 13822.248
 1156, 13834.221
 1157, 13844.759
 1158, 13855.719
 1159, 13866.781
 1160, 13878.204
 1161, 13889.807
 1162, 13900.970
 1163, 13911.783
 1164, 13922.895
 1165, 13949.242
 1166, 13955.978
 1167, 13967.755
 1168, 13978.446
 1169, 13989.707
 1170, 14000.402
 1171, 14011.589
 1172, 14022.311
 1173, 14035.164
 1174, 14046.197
 1175, 14056.337
 1176, 14067.135
 1177, 14078.165
 1178, 14089.253
 1179, 14100.993
 1180, 14112.096
 1181, 14122.824
 1182, 14133.793
 1183, 14144.979
 1184, 14155.947
 1185, 14166.928
 1186, 14178.320
 1187, 14189.261
 1188, 14200.976
 1189, 14212.094
 1190, 14222.362
 1191, 14233.283
 1192, 14244.297
 1193, 14255.380
 1194, 14267.113
 1195, 14278.424
 1196, 14289.369
 1197, 14300.448
 1198, 14312.041
 1199, 14322.759
 1200, 14333.640
 1201, 14344.504
 1202, 14355.776
 1203, 14366.513
 1204, 14378.639
 1205, 14389.530
 1206, 14400.522
 1207, 14410.932
 1208, 14424.961
 1209, 14433.803
 1210, 14444.793
 1211, 14456.060
 1212, 14466.654
 1213, 14477.438
 1214, 14490.000
 1215, 14500.620
 1216, 14511.399
 1217, 14522.260
 1218, 14533.125
 1219, 14544.397
 1220, 14556.887
 1221, 14567.418
 1222, 14578.892
 1223, 14589.381
 1224, 14600.191
 1225, 14611.294
 1226, 14621.885
 1227, 14634.317
 1228, 14644.827
 1229, 14656.012
 1230, 14666.554
 1231, 14677.715
 1232, 14691.953
 1233, 14702.378
 1234, 14711.386
 1235, 14722.052
 1236, 14733.451
 1237, 14745.439
 1238, 14756.009
 1239, 14766.691
 1240, 14778.298
 1241, 14788.721
 1242, 14799.857
 1243, 14811.427
 1244, 14823.948
 1245, 14833.450
 1246, 14844.611
 1247, 14856.792
 1248, 14867.398
 1249, 14877.982
 1250, 14889.094
 1251, 14899.821
 1252, 14911.736
 1253, 14922.340
 1254, 14933.224
 1255, 14944.388
 1256, 14958.650
 1257, 14967.818
 1258, 14978.265
 1259, 14989.173
 1260, 15000.054
 1261, 15011.911
 1262, 15022.990
 1263, 15033.465
 1264, 15045.000
 1265, 15055.496
 1266, 15066.210
 1267, 15078.408
 1268, 15089.497
 1269, 15100.718
 1270, 15112.033
 1271, 15122.737
 1272, 15132.437
 1273, 15144.018
 1274, 15154.509
 1275, 15165.673
 1276, 15176.531
 1277, 15187.447
 1278, 15199.399
 1279, 15210.030
 1280, 15221.139
 1281, 15232.565
 1282, 15243.889
 1283, 15254.753
 1284, 15265.700
 1285, 15277.592
 1286, 15287.472
 1287, 15298.850
 1288, 15310.631
 1289, 15321.159
 1290, 15332.467
 1291, 15343.199
 1292, 15355.736
 1293, 15365.454
 1294, 15377.049
 1295, 15388.116
 1296, 15399.523
 1297, 15410.047
 1298, 15420.971
 1299, 15431.852
 1300, 15443.936
 1301, 15455.096
 1302, 15465.847
 1303, 15477.057
 1304, 15487.632
 1305, 15499.142
 1306, 15510.443
 1307, 15521.424
 1308, 15532.383
 1309, 15543.640
 1310, 15554.332
 1311, 15564.971
 1312, 15576.073
 1313, 15588.283
 1314, 15599.350
 1315, 15610.767
 1316, 15621.379
 1317, 15631.876
 1318, 15642.822
 1319, 15655.421
 1320, 15665.794
 1321, 15676.576
 1322, 15687.728
 1323, 15698.738
 1324, 15709.486
 1325, 15724.807
 1326, 15733.057
 1327, 15743.446
 1328, 15754.865
 1329, 15765.461
 1330, 15776.206
 1331, 15788.728
 1332, 15799.221
 1333, 15810.167
 1334, 15821.560
 1335, 15832.309
 1336, 15843.018
 1337, 15856.652
 1338, 15866.275
 1339, 15876.823
 1340, 15888.431
 1341, 15898.997
 1342, 15909.720
 1343, 15921.117
 1344, 15933.090
 1345, 15943.417
 1346, 15955.039
 1347, 15965.417
 1348, 15976.452
 1349, 15987.681
 1350, 15999.820
 1351, 16010.457
 1352, 16021.438
 1353, 16032.574
 1354, 16043.168
 1355, 16054.038
 1356, 16065.970
 1357, 16076.983
 1358, 16087.973
 1359, 16099.430
 1360, 16109.790
 1361, 16121.377
 1362, 16133.505
 1363, 16143.834
 1364, 16154.652
 1365, 16165.945
 1366, 16176.446
 1367, 16187.586
 1368, 16199.656
 1369, 16210.619
 1370, 16221.704
 1371, 16232.355
 1372, 16243.217
 1373, 16255.069
 1374, 16267.051
 1375, 16277.791
 1376, 16288.309
 1377, 16298.980
 1378, 16309.929
 1379, 16321.191
 1380, 16333.248
 1381, 16344.133
 1382, 16355.287
 1383, 16365.662
 1384, 16376.756
 1385, 16389.225
 1386, 16399.829
 1387, 16411.154
 1388, 16421.456
 1389, 16432.516
 1390, 16444.975
 1391, 16454.471
 1392, 16465.338
 1393, 16477.227
 1394, 16488.278
 1395, 16499.095
 1396, 16510.081
 1397, 16521.747
 1398, 16532.298
 1399, 16543.946
 1400, 16555.475
 1401, 16565.891
 1402, 16576.828
 1403, 16587.895
 1404, 16598.775
 1405, 16610.767
 1406, 16621.810
 1407, 16632.860
 1408, 16643.331
 1409, 16654.767
 1410, 16665.934
 1411, 16677.923
 1412, 16688.906
 1413, 16699.253
 1414, 16710.154
 1415, 16721.161
 1416, 16732.223
 1417, 16742.920
 1418, 16755.083
 1419, 16766.169
 1420, 16776.755
 1421, 16788.155
 1422, 16799.234
 1423, 16809.685
 1424, 16821.396
 1425, 16832.108
 1426, 16843.132
 1427, 16855.379
 1428, 16866.328
 1429, 16877.073
 1430, 16888.388
 1431, 16899.028
 1432, 16910.742
 1433, 16921.416
 1434, 16932.239
 1435, 16943.105
 1436, 16954.074
 1437, 16966.024
 1438, 16976.965
 1439, 16988.305
 1440, 16999.409
 1441, 17009.797
 1442, 17021.785
 1443, 17032.502
 1444, 17044.148
 1445, 17054.447
 1446, 17066.237
 1447, 17077.937
 1448, 17088.485
 1449, 17099.040
 1450, 17109.974
 1451, 17121.796
 1452, 17132.389
 1453, 17143.295
 1454, 17154.771
 1455, 17166.667
 1456, 17179.424
 1457, 17189.006
 1458, 17199.385
 1459, 17210.279
 1460, 17221.986
 1461, 17232.515
 1462, 17243.376
 1463, 17254.449
 1464, 17266.393
 1465, 17277.333
 1466, 17288.309
 1467, 17299.515
 1468, 17310.612
 1469, 17321.913
 1470, 17332.744
 1471, 17343.591
 1472, 17355.096
 1473, 17365.475
 1474, 17377.418
 1475, 17388.266
 1476, 17399.321
 1477, 17410.325
 1478, 17421.682
 1479, 17432.753
 1480, 17443.365
 1481, 17455.774
 1482, 17466.646
 1483, 17477.103
 1484, 17487.985
 1485, 17498.871
 1486, 17509.816
 1487, 17521.830
 1488, 17533.003
 1489, 17543.726
 1490, 17555.166
 1491, 17566.256
 1492, 17576.827
 1493, 17589.020
 1494, 17599.577
 1495, 17610.432
 1496, 17622.050
 1497, 17633.005
 1498, 17643.258
 1499, 17655.962
 1500, 17666.217
 1501, 17677.407
 1502, 17688.347
 1503, 17699.835
 1504, 17710.216
 1505, 17721.443
 1506, 17733.511
 1507, 17743.903
 1508, 17754.819
 1509, 17766.319
 1510, 17776.677
 1511, 17787.600
 1512, 17799.809
 1513, 17810.797
 1514, 17821.792
 1515, 17832.780
 1516, 17843.617
 1517, 17854.618
 1518, 17866.214
 1519, 17877.366
 1520, 17888.796
 1521, 17899.488
 1522, 17910.155
 1523, 17921.592
 1524, 17932.154
 1525, 17944.225
 1526, 17955.295
 1527, 17966.076
 1528, 17977.004
 1529, 17988.068
 1530, 17998.905
 1531, 18010.892
 1532, 18022.048
 1533, 18032.955
 1534, 18043.435
 1535, 18054.466
 1536, 18065.408
 1537, 18077.512
 1538, 18088.569
 1539, 18099.741
 1540, 18110.450
 1541, 18121.493
 1542, 18133.184
 1543, 18144.061
 1544, 18155.226
 1545, 18165.900
 1546, 18176.864
 1547, 18189.295
 1548, 18200.259
 1549, 18211.026
 1550, 18222.548
 1551, 18232.862
 1552, 18243.830
 1553, 18255.793
 1554, 18266.491
 1555, 18277.697
 1556, 18288.775
 1557, 18299.856
 1558, 18310.473
 1559, 18322.518
 1560, 18333.150
 1561, 18344.261
 1562, 18355.610
 1563, 18366.291
 1564, 18377.146
 1565, 18387.961
 1566, 18399.927
 1567, 18411.114
 1568, 18421.937
 1569, 18433.137
 1570, 18443.776
 1571, 18455.058
 1572, 18466.572
 1573, 18477.660
 1574, 18488.991
 1575, 18500.325
 1576, 18510.712
 1577, 18522.030
 1578, 18533.404
 1579, 18544.352
 1580, 18555.503
 1581, 18566.484
 1582, 18577.334
 1583, 18588.245
 1584, 18600.224
 1585, 18610.980
 1586, 18622.389
 1587, 18633.608
 1588, 18644.163
 1589, 18654.959
 1590, 18666.386
 1591, 18677.773
 1592, 18689.295
 1593, 18699.747
 1594, 18710.509
 1595, 18721.716
 1596, 18732.642
 1597, 18745.544
 1598, 18755.617
 1599, 18766.743
 1600, 18777.417
 1601, 18788.731
 1602, 18799.917
 1603, 18811.091
 1604, 18822.109
 1605, 18833.642
 1606, 18844.064
 1607, 18855.240
 1608, 18866.126
 1609, 18878.612
 1610, 18889.396
 1611, 18899.842
 1612, 18910.847
 1613, 18921.943
 1614, 18932.653
 1615, 18944.535
 1616, 18955.597
 1617, 18966.479
 1618, 18977.455
 1619, 18988.390
 1620, 18999.488
 1621, 19011.999
 1622, 19022.649
 1623, 19033.782
 1624, 19044.366
 1625, 19055.266
 1626, 19066.152
 1627, 19077.109
 1628, 19088.874
 1629, 19099.870
 1630, 19110.940
 1631, 19121.826
 1632, 19133.027
 1633, 19145.135
 1634, 19155.908
 1635, 19166.932
 1636, 19177.734
 1637, 19188.870
 1638, 19199.555
 1639, 19210.585
 1640, 19222.788
 1641, 19233.240
 1642, 19244.196
 1643, 19255.315
 1644, 19266.520
 1645, 19277.780
 1646, 19289.542
 1647, 19301.810
 1648, 19311.131
 1649, 19322.229
 1650, 19333.133
 1651, 19343.883
 1652, 19356.221
 1653, 19367.069
 1654, 19377.917
 1655, 19389.011
 1656, 19399.926
 1657, 19411.052
 1658, 19421.534
 1659, 19433.623
 1660, 19444.488
 1661, 19455.591
 1662, 19466.328
 1663, 19477.416
 1664, 19488.578
 1665, 19500.396
 1666, 19511.272
 1667, 19522.392
 1668, 19533.315
 1669, 19544.160
 1670, 19555.116
 1671, 19567.035
 1672, 19577.865
 1673, 19588.910
 1674, 19599.875
 1675, 19610.741
 1676, 19621.656
 1677, 19632.531
 1678, 19644.580
 1679, 19655.886
 1680, 19666.942
 1681, 19677.615
 1682, 19689.099
 1683, 19700.105
 1684, 19711.394
 1685, 19722.383
 1686, 19733.127
 1687, 19744.193
 1688, 19755.072
 1689, 19766.770
 1690, 19777.939
 1691, 19789.310
 1692, 19800.467
 1693, 19811.591
 1694, 19821.838
 1695, 19833.467
 1696, 19844.832
 1697, 19855.708
 1698, 19866.500
 1699, 19877.613
 1700, 19888.682
 1701, 19899.691
 1702, 19911.466
 1703, 19922.642
 1704, 19933.652
 1705, 19944.995
 1706, 19955.804
 1707, 19966.716
 1708, 19977.289
 1709, 19989.584
 1710, 19999.924
 1711, 20010.870
 1712, 20021.868
 1713, 20032.922
 1714, 20044.076
 1715, 20056.270
 1716, 20067.182
 1717, 20078.015
 1718, 20088.861
 1719, 20100.090
 1720, 20110.742
 1721, 20122.429
 1722, 20133.419
 1723, 20144.632
 1724, 20155.919
 1725, 20166.264
 1726, 20177.540
 1727, 20188.498
 1728, 20200.765
 1729, 20211.333
 1730, 20222.370
 1731, 20233.295
 1732, 20244.319
 1733, 20255.044
 1734, 20266.827
 1735, 20277.748
 1736, 20289.337
 1737, 20299.688
 1738, 20310.786
 1739, 20322.071
 1740, 20333.016
 1741, 20344.769
 1742, 20355.583
 1743, 20366.406
 1744, 20377.403
 1745, 20388.542
 1746, 20399.382
 1747, 20411.221
 1748, 20422.142
 1749, 20433.288
 1750, 20444.481
 1751, 20456.148
 1752, 20466.905
 1753, 20477.868
 1754, 20488.590
 1755, 20499.820
 1756, 20510.828
 1757, 20522.598
 1758, 20533.286
 1759, 20544.010
 1760, 20556.108
 1761, 20567.103
 1762, 20577.681
 1763, 20588.715
 1764, 20599.524
 1765, 20611.075
 1766, 20622.453
 1767, 20633.466
 1768, 20644.500
 1769, 20655.411
 1770, 20666.335
 1771, 20677.713
 1772, 20688.455
 1773, 20700.413
 1774, 20711.628
 1775, 20722.396
 1776, 20733.549
 1777, 20743.888
 1778, 20755.422
 1779, 20766.694
 1780, 20778.327
 1781, 20788.632
 1782, 20799.685
 1783, 20810.864
 1784, 20821.914
 1785, 20833.983
 1786, 20844.686
 1787, 20855.123
 1788, 20866.200
 1789, 20877.064
 1790, 20889.648
 1791, 20899.914
 1792, 20911.075
 1793, 20922.065
 1794, 20932.992
 1795, 20946.670
 1796, 20955.501
 1797, 20966.374
 1798, 20977.944
 1799, 20988.189
 1800, 21000.175
 1801, 21011.404
 1802, 21022.296
 1803, 21033.168
 1804, 21044.806
 1805, 21055.474
 1806, 21066.708
 1807, 21079.225
 1808, 21088.593
 1809, 21099.998
 1810, 21111.397
 1811, 21122.550
 1812, 21133.483
 1813, 21144.473
 1814, 21155.565
 1815, 21166.368
 1816, 21176.903
 1817, 21188.361
 1818, 21200.063
 1819, 21212.534
 1820, 21221.985
 1821, 21232.954
 1822, 21244.418
 1823, 21254.687
 1824, 21266.469
 1825, 21277.747
 1826, 21288.698
 1827, 21299.691
 1828, 21310.703
 1829, 21321.765
 1830, 21332.265
 1831, 21347.010
 1832, 21355.494
 1833, 21366.373
 1834, 21377.321
 1835, 21388.240
 1836, 21399.235
 1837, 21411.051
 1838, 21422.066
 1839, 21433.179
 1840, 21443.754
 1841, 21455.172
 1842, 21465.864
 1843, 21479.429
 1844, 21489.372
 1845, 21499.778
 1846, 21511.200
 1847, 21522.030
 1848, 21532.388
 1849, 21543.521
 1850, 21555.431
 1851, 21566.403
 1852, 21577.212
 1853, 21588.469
 1854, 21599.216
 1855, 21611.896
 1856, 21622.695
 1857, 21633.471
 1858, 21644.039
 1859, 21655.223
 1860, 21666.414
 1861, 21676.837
 1862, 21688.820
 1863, 21699.791
 1864, 21710.834
 1865, 21721.740
 1866, 21732.619
 1867, 21746.971
 1868, 21754.858
 1869, 21766.807
 1870, 21777.360
 1871, 21788.281
 1872, 21799.342
 1873, 21810.814
 1874, 21821.142
 1875, 21833.168
 1876, 21844.250
 1877, 21854.970
 1878, 21866.018
 1879, 21879.077
 1880, 21888.494
 1881, 21900.131
 1882, 21911.210
 1883, 21922.178
 1884, 21933.135
 1885, 21944.065
 1886, 21955.154
 1887, 21966.424
 1888, 21977.499
 1889, 21988.625
 1890, 21999.374
 1891, 22012.284
 1892, 22021.500
 1893, 22032.820
 1894, 22044.496
 1895, 22055.294
 1896, 22066.090
 1897, 22077.118
 1898, 22088.300
 1899, 22099.577
 1900, 22110.960
 1901, 22122.592
 1902, 22131.860
 1903, 22142.992
 1904, 22154.225
 1905, 22166.044
 1906, 22177.047
 1907, 22187.882
 1908, 22198.572
 1909, 22209.787
 1910, 22220.547
 1911, 22232.803
 1912, 22243.382
 1913, 22254.310
 1914, 22265.236
 1915, 22276.583
 1916, 22287.911
 1917, 22298.229
 1918, 22310.309
 1919, 22321.419
 1920, 22332.226
 1921, 22343.602
 1922, 22355.054
 1923, 22365.424
 1924, 22376.350
 1925, 22387.402
 1926, 22398.298
 1927, 22409.530
 1928, 22421.787
 1929, 22432.699
 1930, 22443.220
 1931, 22454.814
 1932, 22466.339
 1933, 22476.818
 1934, 22487.313
 1935, 22498.567
 1936, 22509.561
 1937, 22521.644
 1938, 22532.144
 1939, 22546.606
 1940, 22554.273
 1941, 22565.267
 1942, 22576.864
 1943, 22587.069
 1944, 22599.164
 1945, 22609.963
 1946, 22621.062
 1947, 22631.817
 1948, 22642.878
 1949, 22653.915
 1950, 22665.727
 1951, 22677.015
 1952, 22688.296
 1953, 22698.633
 1954, 22710.031
 1955, 22720.913
 1956, 22732.977
 1957, 22743.376
 1958, 22754.380
 1959, 22765.094
 1960, 22776.304
 1961, 22787.259
 1962, 22798.063
 1963, 22811.886
 1964, 22821.410
 1965, 22832.023
 1966, 22843.292
 1967, 22854.585
 1968, 22865.326
 1969, 22876.568
 1970, 22887.570
 1971, 22898.296
 1972, 22909.599
 1973, 22921.455
 1974, 22932.088
 1975, 22943.620
 1976, 22954.948
 1977, 22965.635
 1978, 22976.768
 1979, 22987.900
 1980, 22998.489
 1981, 23009.611
 1982, 23020.220
 1983, 23032.807
 1984, 23043.241
 1985, 23053.885
 1986, 23065.798
 1987, 23076.858
 1988, 23088.125
 1989, 23098.583
 1990, 23110.125
 1991, 23120.695
 1992, 23132.409
 1993, 23143.238
 1994, 23154.856
 1995, 23165.185
 1996, 23177.887
 1997, 23188.194
 1998, 23199.064
 1999, 23210.508
 2000, 23221.463
 2001, 23232.108
 2002, 23244.143
 2003, 23254.954
 2004, 23266.032
 2005, 23276.745
 2006, 23287.621
 2007, 23298.670
 2008, 23310.564
 2009, 23321.694
 2010, 23332.543
 2011, 23343.800
 2012, 23354.804
 2013, 23365.467
 2014, 23376.418
 2015, 23388.545
 2016, 23399.530
 2017, 23410.517
 2018, 23421.114
 2019, 23432.066
 2020, 23443.653
 2021, 23455.017
 2022, 23465.935
 2023, 23477.291
 2024, 23488.224
 2025, 23498.910
 2026, 23509.957
 2027, 23521.886
 2028, 23532.926
 2029, 23543.907
 2030, 23554.542
 2031, 23565.482
 2032, 23576.971
 2033, 23588.492
 2034, 23599.275
 2035, 23612.116
 2036, 23621.780
 2037, 23632.557
 2038, 23643.241
 2039, 23654.497
 2040, 23666.354
 2041, 23676.994
 2042, 23688.015
 2043, 23699.435
 2044, 23709.863
 2045, 23721.232
 2046, 23732.731
 2047, 23744.246
 2048, 23754.973
 2049, 23765.787
 2050, 23776.821
 2051, 23787.626
 2052, 23799.697
 2053, 23810.645
 2054, 23821.731
 2055, 23832.284
 2056, 23843.198
 2057, 23854.192
 2058, 23865.318
 2059, 23877.744
 2060, 23888.933
 2061, 23899.259
 2062, 23910.755
 2063, 23921.171
 2064, 23931.965
 2065, 23944.112
 2066, 23955.115
 2067, 23965.908
 2068, 23976.813
 2069, 23987.998
 2070, 23998.720
 2071, 24011.039
 2072, 24021.785
 2073, 24033.159
 2074, 24044.125
 2075, 24054.535
 2076, 24065.351
 2077, 24077.914
 2078, 24088.997
 2079, 24099.247
 2080, 24110.369
 2081, 24121.463
 2082, 24133.050
 2083, 24144.616
 2084, 24155.178
 2085, 24166.549
 2086, 24176.834
 2087, 24188.440
 2088, 24199.775
 2089, 24210.634
 2090, 24221.803
 2091, 24232.656
 2092, 24243.571
 2093, 24254.478
 2094, 24266.436
 2095, 24279.551
 2096, 24288.606
 2097, 24299.957
 2098, 24310.825
 2099, 24321.674
 2100, 24333.084
 2101, 24344.067
 2102, 24355.179
 2103, 24366.018
 2104, 24377.596
 2105, 24388.067
 2106, 24398.739
 2107, 24411.274
 2108, 24422.087
 2109, 24432.938
 2110, 24444.072
 2111, 24455.162
 2112, 24466.152
 2113, 24477.043
 2114, 24488.187
 2115, 24499.036
 2116, 24510.907
 2117, 24522.212
 2118, 24533.044
 2119, 24544.103
 2120, 24555.606
 2121, 24565.853
 2122, 24576.731
 2123, 24588.748
 2124, 24599.621
 2125, 24610.547
 2126, 24622.247
 2127, 24632.384
 2128, 24643.618
 2129, 24655.303
 2130, 24666.242
 2131, 24677.620
 2132, 24688.358
 2133, 24699.199
 2134, 24710.145
 2135, 24722.031
 2136, 24733.000
 2137, 24744.340
 2138, 24754.905
 2139, 24765.674
 2140, 24776.696
 2141, 24788.877
 2142, 24799.532
 2143, 24810.940
 2144, 24821.984
 2145, 24832.616
 2146, 24843.563
 2147, 24855.179
 2148, 24865.818
 2149, 24876.681
 2150, 24888.632
 2151, 24899.601
 2152, 24910.833
 2153, 24921.890
 2154, 24932.596
 2155, 24943.698
 2156, 24955.272
 2157, 24966.462
 2158, 24977.313
 2159, 24988.200
 2160, 24999.135
 2161, 25010.434
 2162, 25021.386
 2163, 25032.972
 2164, 25043.953
 2165, 25054.952
 2166, 25065.912
 2167, 25077.024
 2168, 25088.610
 2169, 25099.868
 2170, 25111.323
 2171, 25121.713
 2172, 25132.597
 2173, 25143.803
 2174, 25155.853
 2175, 25166.530
 2176, 25177.692
 2177, 25188.893
 2178, 25199.326
 2179, 25210.614
 2180, 25222.466
 2181, 25233.261
 2182, 25244.116
 2183, 25255.190
 2184, 25266.085
 2185, 25277.055
 2186, 25288.910
 2187, 25299.853
 2188, 25311.068
 2189, 25321.915
 2190, 25332.772
 2191, 25343.977
 2192, 25355.337
 2193, 25366.695
 2194, 25377.549
 2195, 25388.609
 2196, 25399.584
 2197, 25410.412
 2198, 25421.591
 2199, 25433.327
 2200, 25444.454
 2201, 25455.557
 2202, 25466.221
 2203, 25477.319
 2204, 25488.822
 2205, 25500.164
 2206, 25511.584
 2207, 25521.855
 2208, 25532.723
 2209, 25544.445
 2210, 25554.946
 2211, 25566.565
 2212, 25577.635
 2213, 25588.443
 2214, 25599.554
 2215, 25610.712
 2216, 25621.986
 2217, 25632.618
 2218, 25644.726
 2219, 25655.441
 2220, 25666.220
 2221, 25677.323
 2222, 25688.267
 2223, 25699.214
 2224, 25711.253
 2225, 25722.132
 2226, 25733.123
 2227, 25744.326
 2228, 25755.676
 2229, 25766.281
 2230, 25778.051
 2231, 25788.766
 2232, 25799.755
 2233, 25810.688
 2234, 25822.149
 2235, 25832.680
 2236, 25844.060
 2237, 25856.252
 2238, 25866.337
 2239, 25877.902
 2240, 25888.614
 2241, 25899.460
 2242, 25910.551
 2243, 25922.648
 2244, 25933.227
 2245, 25944.433
 2246, 25955.395
 2247, 25966.148
 2248, 25977.283
 2249, 25988.431
 2250, 25999.851
 2251, 26011.113
 2252, 26022.059
 2253, 26032.979
 2254, 26043.967
 2255, 26054.735
 2256, 26066.575
 2257, 26077.943
 2258, 26088.896
 2259, 26099.467
 2260, 26110.413
 2261, 26121.826
 2262, 26133.342
 2263, 26144.411
 2264, 26155.532
 2265, 26166.431
 2266, 26178.982
 2267, 26188.999
 2268, 26200.021
 2269, 26211.047
 2270, 26221.884
 2271, 26232.837
 2272, 26244.764
 2273, 26255.831
 2274, 26266.655
 2275, 26277.997
 2276, 26289.399
 2277, 26299.793
 2278, 26311.632
 2279, 26322.663
 2280, 26333.561
 2281, 26344.647
 2282, 26355.461
 2283, 26366.762
 2284, 26377.775
 2285, 26388.706
 2286, 26399.676
 2287, 26410.965
 2288, 26422.972
 2289, 26433.720
 2290, 26444.688
 2291, 26456.001
 2292, 26466.858
 2293, 26477.975
 2294, 26488.799
 2295, 26500.095
 2296, 26510.772
 2297, 26522.360
 2298, 26533.706
 2299, 26545.126
 2300, 26556.003
 2301, 26567.218
 2302, 26578.836
 2303, 26589.175
 2304, 26599.918
 2305, 26611.218
 2306, 26622.302
 2307, 26633.699
 2308, 26644.691
 2309, 26656.374
 2310, 26666.689
 2311, 26677.954
 2312, 26689.019
 2313, 26699.790
 2314, 26712.641
 2315, 26722.999
 2316, 26733.493
 2317, 26744.502
 2318, 26755.210
 2319, 26766.390
 2320, 26778.497
 2321, 26789.648
 2322, 26800.052
 2323, 26811.472
 2324, 26822.200
 2325, 26833.436
 2326, 26844.944
 2327, 26856.470
 2328, 26866.812
 2329, 26877.344
 2330, 26889.784
 2331, 26900.291
 2332, 26911.856
 2333, 26922.175
 2334, 26933.181
 2335, 26944.268
 2336, 26955.424
 2337, 26966.767
 2338, 26977.462
 2339, 26989.915
 2340, 27000.456
 2341, 27011.138
 2342, 27022.116
 2343, 27033.599
 2344, 27044.099
 2345, 27056.281
 2346, 27066.961
 2347, 27078.172
 2348, 27089.490
 2349, 27100.035
 2350, 27111.102
 2351, 27122.757
 2352, 27133.449
 2353, 27145.208
 2354, 27155.658
 2355, 27166.794
 2356, 27177.683
 2357, 27188.656
 2358, 27199.810
 2359, 27211.660
 2360, 27222.556
 2361, 27233.830
 2362, 27244.594
 2363, 27255.254
 2364, 27266.374
 2365, 27278.488
 2366, 27289.587
 2367, 27300.044
 2368, 27310.902
 2369, 27321.869
 2370, 27332.809
 2371, 27344.144
 2372, 27356.349
 2373, 27366.991
 2374, 27377.843
 2375, 27388.726
 2376, 27399.811
 2377, 27411.112
 2378, 27422.526
 2379, 27433.565
 2380, 27444.406
 2381, 27455.419
 2382, 27467.003
 2383, 27477.545
 2384, 27488.543
 2385, 27500.646
 2386, 27511.127
 2387, 27522.144
 2388, 27532.950
 2389, 27544.323
 2390, 27555.086
 2391, 27566.902
 2392, 27578.249
 2393, 27588.664
 2394, 27599.728
 2395, 27611.182
 2396, 27621.985
 2397, 27633.963
 2398, 27644.780
 2399, 27655.601
 2400, 27666.766
 2401, 27677.606
 2402, 27688.681
 2403, 27701.161
 2404, 27711.779
 2405, 27722.228
 2406, 27736.074
 2407, 27744.846
 2408, 27755.828
 2409, 27766.229
 2410, 27777.941
 2411, 27788.798
 2412, 27800.067
 2413, 27810.676
 2414, 27822.050
 2415, 27834.058
 2416, 27844.715
 2417, 27855.660
 2418, 27867.089
 2419, 27877.741
 2420, 27888.667
 2421, 27899.686
 2422, 27911.341
 2423, 27922.467
 2424, 27933.325
 2425, 27944.376
 2426, 27955.481
 2427, 27966.484
 2428, 27978.380
 2429, 27989.054
 2430, 28001.714
 2431, 28011.074
 2432, 28021.830
 2433, 28033.347
 2434, 28045.422
 2435, 28055.782
 2436, 28066.666
 2437, 28077.566
 2438, 28088.768
 2439, 28099.725
 2440, 28110.810
 2441, 28122.645
 2442, 28133.619
 2443, 28144.003
 2444, 28154.778
 2445, 28165.786
 2446, 28177.039
 2447, 28188.057
 2448, 28198.949
 2449, 28210.946
 2450, 28221.401
 2451, 28232.959
 2452, 28243.331
 2453, 28254.660
 2454, 28267.235
 2455, 28277.056
 2456, 28288.416
 2457, 28299.318
 2458, 28310.329
 2459, 28321.370
 2460, 28332.366
 2461, 28343.269
 2462, 28355.271
 2463, 28365.752
 2464, 28376.354
 2465, 28388.392
 2466, 28400.897
 2467, 28410.642
 2468, 28421.467
 2469, 28432.377
 2470, 28443.080
 2471, 28455.307
 2472, 28466.499
 2473, 28476.512
 2474, 28487.465
 2475, 28499.534
 2476, 28510.673
 2477, 28521.925
 2478, 28532.667
 2479, 28543.763
 2480, 28554.520
 2481, 28566.565
 2482, 28577.094
 2483, 28587.967
 2484, 28598.948
 2485, 28610.061
 2486, 28620.986
 2487, 28632.173
 2488, 28644.119
 2489, 28655.096
 2490, 28666.065
 2491, 28676.709
 2492, 28688.420
 2493, 28699.034
 2494, 28710.539
 2495, 28722.021
 2496, 28732.581
 2497, 28743.421
 2498, 28754.961
 2499, 28765.373
 2500, 28777.558
 2501, 28788.533
 2502, 28799.628
 2503, 28810.548
 2504, 28821.392
 2505, 28832.491
 2506, 28843.983
 2507, 28854.833
 2508, 28866.450
 2509, 28876.950
 2510, 28888.659
 2511, 28899.267
 2512, 28910.301
 2513, 28921.183
 2514, 28933.690
 2515, 28943.836
 2516, 28954.975
 2517, 28965.922
 2518, 28976.810
 2519, 28987.630
 2520, 28998.919
 2521, 29010.813
 2522, 29021.886
 2523, 29032.369
 2524, 29043.599
 2525, 29054.712
 2526, 29065.458
 2527, 29077.371
 2528, 29088.406
 2529, 29099.102
 2530, 29110.630
 2531, 29121.154
 2532, 29131.954
 2533, 29142.776
 2534, 29155.034
 2535, 29166.210
 2536, 29177.173
 2537, 29188.209
 2538, 29198.791
 2539, 29210.152
 2540, 29221.395
 2541, 29233.444
 2542, 29243.306
 2543, 29254.199
 2544, 29265.183
 2545, 29276.404
 2546, 29288.228
 2547, 29299.361
 2548, 29310.308
 2549, 29321.666
 2550, 29332.472
 2551, 29342.901
 2552, 29354.764
 2553, 29366.363
 2554, 29376.726
 2555, 29387.654
 2556, 29398.547
 2557, 29409.788
 2558, 29420.577
 2559, 29432.490
 2560, 29443.752
 2561, 29455.115
 2562, 29465.737
 2563, 29476.279
 2564, 29487.155
 2565, 29499.142
 2566, 29510.063
 2567, 29521.193
 2568, 29532.011
 2569, 29543.449
 2570, 29553.870
 2571, 29565.797
 2572, 29577.138
 2573, 29588.288
 2574, 29598.976
 2575, 29610.039
 2576, 29620.689
 2577, 29631.867
 2578, 29643.793
 2579, 29655.033
 2580, 29665.365
 2581, 29676.473
 2582, 29687.362
 2583, 29698.427
 2584, 29710.552
 2585, 29721.650
 2586, 29732.617
 2587, 29743.355
 2588, 29754.128
 2589, 29765.370
 2590, 29776.845
 2591, 29788.253
 2592, 29799.153
 2593, 29809.790
 2594, 29820.995
 2595, 29832.224
 2596, 29842.928
 2597, 29854.943
 2598, 29865.809
 2599, 29876.578
 2600, 29887.889
 2601, 29898.756
 2602, 29909.429
 2603, 29921.353
 2604, 29932.862
 2605, 29943.773
 2606, 29954.253
 2607, 29965.585
 2608, 29976.359
 2609, 29988.698
 2610, 29999.440
 2611, 30010.243
 2612, 30021.013
 2613, 30031.963
 2614, 30043.022
 2615, 30055.518
 2616, 30065.981
 2617, 30077.291
 2618, 30087.762
 2619, 30099.131
 2620, 30110.558
 2621, 30120.921
 2622, 30132.818
 2623, 30144.681
 2624, 30155.751
 2625, 30166.500
 2626, 30177.412
 2627, 30189.472
 2628, 30199.931
 2629, 30210.778
 2630, 30221.802
 2631, 30234.662
 2632, 30244.004
 2633, 30255.995
 2634, 30266.793
 2635, 30277.884
 2636, 30288.522
 2637, 30300.491
 2638, 30310.318
 2639, 30321.958
 2640, 30333.952
 2641, 30344.320
 2642, 30355.298
 2643, 30366.822
 2644, 30377.470
 2645, 30388.338
 2646, 30400.319
 2647, 30410.942
 2648, 30422.028
 2649, 30433.274
 2650, 30444.274
 2651, 30455.269
 2652, 30467.038
 2653, 30478.284
 2654, 30488.956
 2655, 30500.262
 2656, 30511.420
 2657, 30521.826
 2658, 30532.571
 2659, 30544.198
 2660, 30555.696
 2661, 30566.644
 2662, 30577.642
 2663, 30588.542
 2664, 30599.583
 2665, 30610.684
 2666, 30622.542
 2667, 30634.999
 2668, 30644.763
 2669, 30655.354
 2670, 30666.486
 2671, 30677.124
 2672, 30689.675
 2673, 30700.487
 2674, 30711.071
 2675, 30721.837
 2676, 30733.069
 2677, 30744.042
 2678, 30755.867
 2679, 30767.166
 2680, 30778.157
 2681, 30788.928
 2682, 30799.931
 2683, 30811.055
 2684, 30821.305
 2685, 30833.510
 2686, 30844.316
 2687, 30855.254
 2688, 30866.356
 2689, 30877.363
 2690, 30888.259
 2691, 30903.523
 2692, 30911.476
 2693, 30922.165
 2694, 30932.949
 2695, 30944.436
 2696, 30955.182
 2697, 30966.314
 2698, 30978.252
 2699, 30989.234
 2700, 31000.224
 2701, 31010.686
 2702, 31021.632
 2703, 31033.567
 2704, 31044.841
 2705, 31055.683
 2706, 31066.404
 2707, 31077.311
 2708, 31088.667
 2709, 31099.284
 2710, 31111.069
 2711, 31122.568
 2712, 31132.081
 2713, 31143.197
 2714, 31154.039
 2715, 31166.157
 2716, 31177.149
 2717, 31187.887
 2718, 31199.060
 2719, 31209.873
 2720, 31220.863
 2721, 31233.197
 2722, 31243.754
 2723, 31254.625
 2724, 31266.036
 2725, 31276.607
 2726, 31287.572
 2727, 31298.790
 2728, 31310.690
 2729, 31321.499
 2730, 31332.374
 2731, 31343.614
 2732, 31354.334
 2733, 31365.503
 2734, 31377.083
 2735, 31388.398
 2736, 31399.405
 2737, 31409.927
 2738, 31421.075
 2739, 31432.654
 2740, 31444.085
 2741, 31454.982
 2742, 31465.848
 2743, 31476.974
 2744, 31487.558
 2745, 31498.807
 2746, 31510.601
 2747, 31521.421
 2748, 31532.699
 2749, 31543.625
 2750, 31554.258
 2751, 31565.749
 2752, 31576.717
 2753, 31588.305
 2754, 31599.833
 2755, 31610.572
 2756, 31620.963
 2757, 31632.766
 2758, 31643.027
 2759, 31654.875
 2760, 31666.122
 2761, 31677.004
 2762, 31688.627
 2763, 31698.999
 2764, 31710.029
 2765, 31720.802
 2766, 31732.913
 2767, 31744.197
 2768, 31754.395
 2769, 31766.003
 2770, 31776.383
 2771, 31787.445
 2772, 31799.391
 2773, 31810.560
 2774, 31821.514
 2775, 31832.636
 2776, 31843.625
 2777, 31854.583
 2778, 31865.958
 2779, 31876.907
 2780, 31887.897
 2781, 31898.907
 2782, 31910.323
 2783, 31921.127
 2784, 31932.850
 2785, 31943.928
 2786, 31955.070
 2787, 31965.805
 2788, 31976.828
 2789, 31987.756
 2790, 31999.682
 2791, 32010.486
 2792, 32021.169
 2793, 32032.616
 2794, 32043.007
 2795, 32055.033
 2796, 32066.179
 2797, 32077.071
 2798, 32087.996
 2799, 32099.047
 2800, 32110.191
 2801, 32121.675
 2802, 32133.482
 2803, 32144.348
 2804, 32155.336
 2805, 32166.370
 2806, 32177.998
 2807, 32188.326
 2808, 32200.725
 2809, 32211.632
 2810, 32222.232
 2811, 32233.101
 2812, 32244.394
 2813, 32255.147
 2814, 32266.310
 2815, 32277.865
 2816, 32288.770
 2817, 32299.396
 2818, 32311.180
 2819, 32322.150
 2820, 32333.562
 2821, 32344.308
 2822, 32355.201
 2823, 32366.451
 2824, 32378.537
 2825, 32388.912
 2826, 32399.522
 2827, 32411.698
 2828, 32422.310
 2829, 32433.146
 2830, 32444.028
 2831, 32455.114
 2832, 32466.278
 2833, 32478.323
 2834, 32489.025
 2835, 32499.520
 2836, 32512.045
 2837, 32522.280
 2838, 32533.853
 2839, 32544.178
 2840, 32555.131
 2841, 32566.101
 2842, 32578.019
 2843, 32588.831
 2844, 32599.638
 2845, 32611.777
 2846, 32622.317
 2847, 32633.104
 2848, 32644.183
 2849, 32655.088
 2850, 32666.461
 2851, 32678.406
 2852, 32688.843
 2853, 32699.770
 2854, 32710.934
 2855, 32721.727
 2856, 32733.094
 2857, 32744.266
 2858, 32755.814
 2859, 32766.660
 2860, 32777.566
 2861, 32788.572
 2862, 32799.489
 2863, 32810.682
 2864, 32821.870
 2865, 32833.681
 2866, 32844.151
 2867, 32855.347
 2868, 32866.542
 2869, 32877.434
 2870, 32889.305
 2871, 32900.147
 2872, 32911.115
 2873, 32921.955
 2874, 32932.902
 2875, 32943.997
 2876, 32955.231
 2877, 32967.054
 2878, 32978.068
 2879, 32988.659
 2880, 32999.873
 2881, 33011.250
 2882, 33021.719
 2883, 33033.789
 2884, 33044.966
 2885, 33055.411
 2886, 33066.216
 2887, 33077.507
 2888, 33088.504
 2889, 33100.226
 2890, 33111.095
 2891, 33122.130
 2892, 33133.219
 2893, 33144.328
 2894, 33155.521
 2895, 33167.432
 2896, 33178.430
 2897, 33188.842
 2898, 33199.788
 2899, 33210.589
 2900, 33221.795
 2901, 33233.649
 2902, 33244.442
 2903, 33255.874
 2904, 33266.832
 2905, 33277.839
 2906, 33288.491
 2907, 33300.563
 2908, 33311.827
 2909, 33322.271
 2910, 33333.784
 2911, 33344.140
 2912, 33355.035
 2913, 33366.926
 2914, 33378.176
 2915, 33389.031
 2916, 33400.125
 2917, 33411.002
 2918, 33421.959
 2919, 33433.788
 2920, 33445.290
 2921, 33455.614
 2922, 33466.569
 2923, 33477.517
 2924, 33488.662
 2925, 33499.452
 2926, 33512.016
 2927, 33523.043
 2928, 33533.827
 2929, 33544.695
 2930, 33555.419
 2931, 33566.366
 2932, 33578.391
 2933, 33588.992
 2934, 33599.986
 2935, 33611.508
 2936, 33621.937
 2937, 33633.332
 2938, 33643.994
 2939, 33657.442
 2940, 33666.865
 2941, 33677.986
 2942, 33688.619
 2943, 33699.687
 2944, 33710.787
 2945, 33722.450
 2946, 33733.433
 2947, 33744.951
 2948, 33755.731
 2949, 33766.893
 2950, 33777.690
 2951, 33789.515
 2952, 33800.902
 2953, 33811.080
 2954, 33822.147
 2955, 33833.288
 2956, 33843.963
 2957, 33854.896
 2958, 33867.063
 2959, 33877.805
 2960, 33888.793
 2961, 33900.363
 2962, 33911.460
 2963, 33922.562
 2964, 33933.670
 2965, 33944.303
 2966, 33955.591
 2967, 33966.921
 2968, 33978.367
 2969, 33988.782
 2970, 33999.352
 2971, 34011.536
 2972, 34022.358
 2973, 34033.666
 2974, 34044.644
 2975, 34058.594
 2976, 34066.295
 2977, 34078.687
 2978, 34089.176
 2979, 34099.476
 2980, 34110.631
 2981, 34122.386
 2982, 34132.858
 2983, 34143.364
 2984, 34154.899
 2985, 34165.741
 2986, 34177.276
 2987, 34189.808
 2988, 34198.816
 2989, 34210.935
 2990, 34221.693
 2991, 34232.885
 2992, 34243.789
 2993, 34254.450
 2994, 34265.271
 2995, 34277.887
 2996, 34288.978
 2997, 34299.286
 2998, 34310.933
 2999, 34323.161
 3000, 34332.750
 3001, 34343.770
 3002, 34354.861
 3003, 34365.635
 3004, 34376.667
 3005, 34388.282
 3006, 34399.409
 3007, 34410.438
 3008, 34421.441
 3009, 34432.434
 3010, 34443.157
 3011, 34457.609
 3012, 34466.270
 3013, 34477.060
 3014, 34488.622
 3015, 34499.494
 3016, 34510.458
 3017, 34521.746
 3018, 34532.686
 3019, 34543.937
 3020, 34554.734
 3021, 34565.883
 3022, 34576.636
 3023, 34589.149
 3024, 34600.348
 3025, 34610.208
 3026, 34621.234
 3027, 34632.047
 3028, 34643.916
 3029, 34654.851
 3030, 34665.885
 3031, 34676.773
 3032, 34688.073
 3033, 34698.946
 3034, 34710.650
 3035, 34721.441
 3036, 34732.266
 3037, 34744.199
 3038, 34755.338
 3039, 34766.417
 3040, 34776.897
 3041, 34788.103
 3042, 34799.309
 3043, 34810.472
 3044, 34823.880
 3045, 34832.721
 3046, 34843.491
 3047, 34855.223
 3048, 34866.538
 3049, 34876.977
 3050, 34888.516
 3051, 34899.046
 3052, 34910.526
 3053, 34921.504
 3054, 35322.243
 3055, 35332.819
 3056, 35343.008
 3057, 35353.960
 3058, 35364.791
 3059, 35376.850
 3060, 35410.012
 3061, 35443.982
 3062, 35455.198
 3063, 35465.461
 3064, 35476.965
 3065, 35487.971
 3066, 35498.534
 3067, 35509.169
 3068, 35521.803
 3069, 35532.256
 3070, 35543.176
 3071, 35554.871
 3072, 35565.154
 3073, 35575.969
 3074, 35587.079
 3075, 35599.294
 3076, 35610.294
 3077, 35621.384
 3078, 35632.175
 3079, 35643.021
 3080, 35654.047
 3081, 35666.048
 3082, 35676.723
 3083, 35687.668
 3084, 35699.139
 3085, 35709.494
 3086, 35720.770
 3087, 35731.669
 3088, 35743.610
 3089, 35754.493
 3090, 35765.464
 3091, 35776.424
 3092, 35787.639
 3093, 35798.653
 3094, 35810.637
 3095, 35821.596
 3096, 35832.484
 3097, 35843.656
 3098, 35853.902
 3099, 35864.975
 3100, 35875.730
 3101, 35887.775
 3102, 35898.994
 3103, 35909.773
 3104, 35920.899
 3105, 35931.680
 3106, 35942.699
 3107, 35954.843
 3108, 35965.712
 3109, 36428.842
 3110, 36439.990
 3111, 36450.606
 3112, 36461.517
 3113, 36473.493
 3114, 36484.905
 3115, 36495.433
 3116, 36506.435
 3117, 36517.639
 3118, 36528.588
 3119, 36562.911
 3120, 36595.164
 3121, 36606.966
 3122, 36617.752
 3123, 36628.682
 3124, 36639.723
 3125, 36650.869
 3126, 36661.653
 3127, 36757.457
 3128, 36809.171
 3129, 36817.789
 3130, 36828.743
 3131, 36839.580
 3132, 36850.982
 3133, 36862.093
 3134, 36873.494
 3135, 36883.902
 3136, 36895.438
 3137, 36906.652
 3138, 36917.581
 3139, 36928.475
 3140, 36939.603
 3141, 36950.406
 3142, 36961.478
 3143, 36973.704
 3144, 36984.234
 3145, 36995.130
 3146, 37006.292
 3147, 37017.472
 3148, 37028.808
 3149, 37040.623
 3150, 37050.736
 3151, 37061.798
 3152, 37072.876
 3153, 37083.741
 3154, 37094.955
 3155, 37105.561
 3156, 37116.923
 3157, 37128.832
 3158, 37135.623
 3159, 37146.860
 3160, 37158.798
 3161, 37169.649
 3162, 37180.865
 3163, 37191.797
 3164, 37202.331
 3165, 37213.502
 3166, 37224.474
 3167, 37236.862
 3168, 37248.165
 3169, 37258.243
 3170, 37269.017
 3171, 37280.240
 3172, 37291.250
 3173, 37303.008
 3174, 37314.291
 3175, 37325.431
 3176, 37336.075
 3177, 37347.328
 3178, 37358.320
 3179, 37368.894
 3180, 37381.237
 3181, 37391.481
 3182, 37402.597
 3183, 37413.667
 3184, 37424.623
 3185, 37435.529
 3186, 37447.363
 3187, 37458.605
 3188, 37469.467
 3189, 37480.411
 3190, 37491.385
 3191, 37502.460
 3192, 37513.518
 3193, 37525.437
 3194, 37535.806
 3195, 37546.882
 3196, 37557.886
 3197, 37568.688
 3198, 37579.906
 3199, 37591.974
 3200, 37602.922
 3201, 37613.587
 3202, 37624.892
 3203, 37635.506
 3204, 37646.954
 3205, 37658.252
 3206, 37670.574
 3207, 37680.285
 3208, 37692.170
 3209, 37702.261
 3210, 37713.725
 3211, 37724.210
 3212, 37736.100
 3213, 37746.955
 3214, 37757.967
 3215, 37769.228
 3216, 37780.778
 3217, 37792.093
 3218, 37802.421
 3219, 37814.051
 3220, 37824.524
 3221, 37835.559
 3222, 37846.989
 3223, 37859.169
 3224, 37869.979
 3225, 37880.179
 3226, 37891.611
 3227, 37902.610
 3228, 37914.221
 3229, 37924.352
 3230, 37935.744
 3231, 37946.387
 3232, 37957.622
 3233, 37969.602
 3234, 37980.479
 3235, 37991.547
 3236, 38002.064
 3237, 38013.363
 3238, 38024.793
 3239, 38035.986
 3240, 38047.604
 3241, 38058.053
 3242, 38069.425
 3243, 38080.545
 3244, 38091.051
 3245, 38102.452
 3246, 38112.894
 3247, 38125.062
 3248, 38138.987
 3249, 38149.936
 3250, 38162.012
 3251, 38172.787
 3252, 38183.393
 3253, 38195.303
 3254, 38206.184
 3255, 38217.144
 3256, 38228.160
 3257, 38239.242
 3258, 38249.951
 3259, 38261.309
 3260, 38273.386
 3261, 38283.214
 3262, 38296.059
 3263, 38307.286
 3264, 38317.320
 3265, 38328.297
 3266, 38339.615
 3267, 38350.477
 3268, 38361.074
 3269, 38373.717
 3270, 38384.575
 3271, 38394.730
 3272, 38406.149
 3273, 38416.823
 3274, 38427.628
 3275, 38438.943
 3276, 38450.915
 3277, 38461.987
 3278, 38473.005
 3279, 38483.847
 3280, 38494.527
 3281, 38505.395
 3282, 38517.442
 3283, 38528.832
 3284, 38539.362
 3285, 38550.380
 3286, 38561.719
 3287, 38572.273
 3288, 38583.164
 3289, 38595.280
 3290, 38606.202
 3291, 38616.971
 3292, 38628.059
 3293, 38639.179
 3294, 38650.326
 3295, 38661.886
 3296, 38672.660
 3297, 38684.014
 3298, 38694.587
 3299, 38706.096
 3300, 38716.661
 3301, 38729.157
 3302, 38739.616
 3303, 38750.742
 3304, 38761.753
 3305, 38772.674
 3306, 38783.489
 3307, 38795.300
 3308, 38806.745
 3309, 38817.071
 3310, 38828.543
 3311, 38839.063
 3312, 38850.048
 3313, 38861.491
 3314, 38873.038
 3315, 38884.560
 3316, 38894.842
 3317, 38905.977
 3318, 38916.832
 3319, 38927.862
 3320, 38939.857
 3321, 38950.976
 3322, 38961.898
 3323, 38972.688
 3324, 38983.888
 3325, 38994.308
 3326, 39006.334
 3327, 39017.299
 3328, 39028.983
 3329, 39039.348
 3330, 39050.145
 3331, 39061.395
 3332, 39073.042
 3333, 39084.226
 3334, 39094.959
 3335, 39106.208
 3336, 39116.830
 3337, 39127.766
 3338, 39142.971
 3339, 39153.782
 3340, 39164.762
 3341, 39175.711
 3342, 39186.659
 3343, 39198.639
 3344, 39209.654
 3345, 39220.625
 3346, 39231.513
 3347, 39242.896
 3348, 39253.383
 3349, 39265.838
 3350, 39276.700
 3351, 39287.770
 3352, 39298.099
 3353, 39309.966
 3354, 39320.701
 3355, 39331.272
 3356, 39342.960
 3357, 39353.905
 3358, 39365.053
 3359, 39375.918
 3360, 39386.960
 3361, 39398.101
 3362, 39409.881
 3363, 39420.912
 3364, 39431.670
 3365, 39443.027
 3366, 39453.634
 3367, 39464.884
 3368, 39477.021
 3369, 39487.460
 3370, 39498.289
 3371, 39510.052
 3372, 39520.455
 3373, 39531.299
 3374, 39542.423
 3375, 39554.132
 3376, 39565.260
 3377, 39576.479
 3378, 39587.517
 3379, 39598.321
 3380, 39609.359
 3381, 39619.828
 3382, 39632.418
 3383, 39642.898
 3384, 39653.709
 3385, 39665.416
 3386, 39675.816
 3387, 39686.889
 3388, 39698.480
 3389, 39709.898
 3390, 39720.637
 3391, 39731.587
 3392, 39743.156
 3393, 39753.458
 3394, 39765.796
 3395, 39776.498
 3396, 39786.902
 3397, 39797.960
 3398, 39809.742
 3399, 39820.702
 3400, 39831.607
 3401, 39843.148
 3402, 39853.389
 3403, 39864.480
 3404, 39876.485
 3405, 39887.219
 3406, 39898.276
 3407, 39909.182
 3408, 39920.880
 3409, 39931.911
 3410, 39943.371
 3411, 39953.672
 3412, 39965.385
 3413, 39975.743
 3414, 39987.006
 3415, 39998.370
 3416, 40009.270
 3417, 40020.572
 3418, 40030.972
 3419, 40043.757
 3420, 40053.877
 3421, 40065.469
 3422, 40075.844
 3423, 40086.702
 3424, 40098.536
 3425, 40109.180
 3426, 40120.491
 3427, 40132.954
 3428, 40144.019
 3429, 40154.971
 3430, 40165.980
 3431, 40177.789
 3432, 40188.924
 3433, 40199.718
 3434, 40210.459
 3435, 40223.047
 3436, 40233.134
 3437, 40244.173
 3438, 40255.094
 3439, 40266.347
 3440, 40277.148
 3441, 40288.875
 3442, 40299.676
 3443, 40310.528
 3444, 40321.546
 3445, 40333.394
 3446, 40344.465
 3447, 40356.378
 3448, 40366.935
 3449, 40377.375
 3450, 40389.371
 3451, 40400.446
 3452, 40410.911
 3453, 40422.371
 3454, 40432.759
 3455, 40443.893
 3456, 40455.595
 3457, 40467.122
 3458, 40477.620
 3459, 40488.681
 3460, 40499.659
 3461, 40510.590
 3462, 40521.497
 3463, 40533.283
 3464, 40544.338
 3465, 40555.111
 3466, 40566.163
 3467, 40577.730
 3468, 40588.125
 3469, 40600.109
 3470, 40611.170
 3471, 40622.059
 3472, 40632.972
 3473, 40643.845
 3474, 40654.786
 3475, 40666.130
 3476, 40677.676
 3477, 40689.217
 3478, 40699.544
 3479, 40710.945
 3480, 40722.002
 3481, 40733.509
 3482, 40744.521
 3483, 40756.938
 3484, 40766.443
 3485, 40777.307
 3486, 40788.422
 3487, 40799.340
 3488, 40811.101
 3489, 40822.314
 3490, 40832.963
 3491, 40843.996
 3492, 40854.956
 3493, 40866.476
 3494, 40877.980
 3495, 40888.950
 3496, 40899.981
 3497, 40910.961
 3498, 40921.971
 3499, 40933.033
 3500, 40945.035
 3501, 40955.730
 3502, 40966.679
 3503, 40977.702
 3504, 40988.625
 3505, 40999.575
 3506, 41010.911
 3507, 41022.376
 3508, 41033.353
 3509, 41044.517
 3510, 41055.196
 3511, 41066.055
 3512, 41077.128
 3513, 41089.220
 3514, 41100.145
 3515, 41111.241
 3516, 41122.209
 3517, 41133.875
 3518, 41145.172
 3519, 41155.681
 3520, 41166.944
 3521, 41178.031
 3522, 41190.076
 3523, 41201.163
 3524, 41211.485
 3525, 41222.443
 3526, 41233.351
 3527, 41244.541
 3528, 41255.289
 3529, 41267.264
 3530, 41278.314
 3531, 41289.764
 3532, 41300.196
 3533, 41311.255
 3534, 41322.373
 3535, 41333.971
 3536, 41344.988
 3537, 41355.991
 3538, 41366.910
 3539, 41377.880
 3540, 41388.760
 3541, 41399.730
 3542, 41411.653
 3543, 41422.619
 3544, 41433.717
 3545, 41444.670
 3546, 41455.389
 3547, 41466.370
 3548, 41478.509
 3549, 41489.673
 3550, 41500.060
 3551, 41511.910
 3552, 41522.666
 3553, 41533.580
 3554, 41544.835
 3555, 41555.616
 3556, 41567.080
 3557, 41578.210
 3558, 41589.481
 3559, 41600.500
 3560, 41612.025
 3561, 41622.371
 3562, 41633.190
 3563, 41644.337
 3564, 41656.225
 3565, 41667.075
 3566, 41678.575
 3567, 41689.396
 3568, 41701.175
 3569, 41711.710
 3570, 41722.645
 3571, 41733.400
 3572, 41744.378
 3573, 41755.292
 3574, 41767.508
 3575, 41778.500
 3576, 41789.247
 3577, 41799.856
 3578, 41811.947
 3579, 41822.652
 3580, 41833.566
 3581, 41844.939
 3582, 41855.432
 3583, 41866.771
 3584, 41878.431
 3585, 41889.742
 3586, 41900.576
 3587, 41911.449
 3588, 41922.819
 3589, 41933.250
 3590, 41945.767
 3591, 41956.033
 3592, 41967.124
 3593, 41977.976
 3594, 41988.994
 3595, 42000.193
 3596, 42012.331
 3597, 42023.207
 3598, 42033.671
 3599, 42045.278
 3600, 42055.782
 3601, 42067.093
 3602, 42077.451
 3603, 42089.616
 3604, 42100.007
 3605, 42111.163
 3606, 42121.947
 3607, 42133.232
 3608, 42143.919
 3609, 42154.842
 3610, 42166.809
 3611, 42177.612
 3612, 42188.784
 3613, 42199.605
 3614, 42210.525
 3615, 42221.679
 3616, 42232.538
 3617, 42244.585
 3618, 42255.383
 3619, 42266.624
 3620, 42277.255
 3621, 42288.298
 3622, 42299.817
 3623, 42310.925
 3624, 42322.190
 3625, 42333.190
 3626, 42344.270
 3627, 42354.911
 3628, 42366.149
 3629, 42376.908
 3630, 42388.931
 3631, 42399.963
 3632, 42410.930
 3633, 42421.910
 3634, 42432.782
 3635, 42444.192
 3636, 42455.626
 3637, 42466.493
 3638, 42477.614
 3639, 42488.555
 3640, 42499.481
 3641, 42510.579
 3642, 42521.425
 3643, 42533.377
 3644, 42544.270
 3645, 42555.226
 3646, 42566.300
 3647, 42577.369
 3648, 42588.246
 3649, 42600.240
 3650, 42611.116
 3651, 42622.000
 3652, 42632.893
 3653, 42643.908
 3654, 42654.789
 3655, 42666.756
 3656, 42677.694
 3657, 42688.791
 3658, 42699.974
 3659, 42710.428
 3660, 42721.946
 3661, 42732.506
 3662, 42744.774
 3663, 42755.205
 3664, 42766.648
 3665, 42777.248
 3666, 42788.186
 3667, 42799.290
 3668, 42811.215
 3669, 42822.223
 3670, 42833.154
 3671, 42843.870
 3672, 42854.845
 3673, 42865.783
 3674, 42877.861
 3675, 42889.375
 3676, 42899.798
 3677, 42910.625
 3678, 42921.639
 3679, 42932.527
 3680, 42944.241
 3681, 42955.646
 3682, 42966.632
 3683, 42978.777
 3684, 42988.505
 3685, 42999.341
 3686, 43010.366
 3687, 43022.126
 3688, 43033.099
 3689, 43044.015
 3690, 43055.039
 3691, 43065.985
 3692, 43076.946
 3693, 43088.549
 3694, 43099.942
 3695, 43111.383
 3696, 43121.994
 3697, 43133.673
 3698, 43144.914
 3699, 43155.619
 3700, 43166.972
 3701, 43177.555
 3702, 43188.527
 3703, 43201.089
 3704, 43211.384
 3705, 43222.364
 3706, 43233.913
 3707, 43244.877
 3708, 43255.566
 3709, 43267.326
 3710, 43278.175
 3711, 43289.659
 3712, 43300.078
 3713, 43311.023
 3714, 43322.162
 3715, 43333.120
 3716, 43345.456
 3717, 43355.858
 3718, 43367.136
 3719, 43377.666
 3720, 43389.326
 3721, 43399.641
 3722, 43411.604
 3723, 43422.518
 3724, 43433.456
 3725, 43444.451
 3726, 43455.461
 3727, 43466.284
 3728, 43477.347
 3729, 43489.594
 3730, 43500.150
 3731, 43511.513
 3732, 43522.119
 3733, 43533.130
 3734, 43543.965
 3735, 43555.921
 3736, 43567.004
 3737, 43578.478
 3738, 43589.161
 3739, 43599.652
 3740, 43611.835
 3741, 43622.314
 3742, 43633.173
 3743, 43644.104
 3744, 43655.163
 3745, 43667.677
 3746, 43677.869
 3747, 43689.251
 3748, 43699.800
 3749, 43711.126
 3750, 43721.859
 3751, 43733.847
 3752, 43745.252
 3753, 43755.654
 3754, 43767.143
 3755, 43777.518
 3756, 43789.182
 3757, 43800.179
 3758, 43812.198
 3759, 43822.712
 3760, 43834.654
 3761, 43844.301
 3762, 43855.258
 3763, 43866.216
 3764, 43878.204
 3765, 43889.309
 3766, 43900.479
 3767, 43910.638
 3768, 43923.328
 3769, 43933.652
 3770, 43944.754
 3771, 43955.526
 3772, 43966.445
 3773, 43977.478
 3774, 43989.330
 3775, 44000.650
 3776, 44010.625
 3777, 44023.028
 3778, 44033.969
 3779, 44044.860
 3780, 44055.765
 3781, 44066.513
 3782, 44077.476
 3783, 44088.345
 3784, 44101.389
 3785, 44110.985
 3786, 44122.206
 3787, 44132.718
 3788, 44144.922
 3789, 44155.682
 3790, 44166.717
 3791, 44177.616
 3792, 44189.116
 3793, 44199.419
 3794, 44211.652
 3795, 44222.624
 3796, 44233.266
 3797, 44244.439
 3798, 44255.126
 3799, 44266.156
 3800, 44277.127
 3801, 44289.438
 3802, 44300.545
 3803, 44311.564
 3804, 44322.551
 3805, 44333.441
 3806, 44343.921
 3807, 44356.006
 3808, 44366.785
 3809, 44377.725
 3810, 44388.634
 3811, 44399.707
 3812, 44410.591
 3813, 44422.754
 3814, 44433.493
 3815, 44444.443
 3816, 44456.806
 3817, 44466.983
 3818, 44477.281
 3819, 44488.286
 3820, 44500.855
 3821, 44511.237
 3822, 44522.213
 3823, 44533.059
 3824, 44544.194
 3825, 44554.906
 3826, 44567.254
 3827, 44577.898
 3828, 44589.244
 3829, 44600.090
 3830, 44610.671
 3831, 44622.074
 3832, 44633.768
 3833, 44645.128
 3834, 44655.448
 3835, 44666.481
 3836, 44677.375
 3837, 44688.593
 3838, 44699.317
 3839, 44711.538
 3840, 44722.175
 3841, 44733.394
 3842, 44744.413
 3843, 44754.987
 3844, 44766.076
 3845, 44778.019
 3846, 44788.904
 3847, 44799.926
 3848, 44810.877
 3849, 44822.525
 3850, 44832.735
 3851, 44844.954
 3852, 44855.655
 3853, 44866.941
 3854, 44877.454
 3855, 44888.488
 3856, 44899.422
 3857, 44911.357
 3858, 44923.932
 3859, 44933.353
 3860, 44944.893
 3861, 44955.192
 3862, 44966.129
 3863, 44977.065
 3864, 44989.222
 3865, 44999.922
 3866, 45011.258
 3867, 45022.103
 3868, 45033.185
 3869, 45044.073
 3870, 45056.187
 3871, 45067.170
 3872, 45077.892
 3873, 45088.723
 3874, 45099.849
 3875, 45110.473
 3876, 45122.546
 3877, 45133.585
 3878, 45144.421
 3879, 45156.440
 3880, 45167.347
 3881, 45178.358
 3882, 45189.336
 3883, 45200.525
 3884, 45211.256
 3885, 45223.343
 3886, 45234.413
 3887, 45245.238
 3888, 45256.219
 3889, 45267.282
 3890, 45277.961
 3891, 45288.893
 3892, 45300.894
 3893, 45311.725
 3894, 45322.817
 3895, 45333.768
 3896, 45344.659
 3897, 45355.535
 3898, 45367.572
 3899, 45378.453
 3900, 45389.453
 3901, 45400.369
 3902, 45411.283
 3903, 45422.374
 3904, 45434.519
 3905, 45445.317
 3906, 45456.290
 3907, 45467.274
 3908, 45478.224
 3909, 45489.076
 3910, 45501.190
 3911, 45511.970
 3912, 45522.841
 3913, 45533.722
 3914, 45545.354
 3915, 45555.620
 3916, 45567.552
 3917, 45578.566
 3918, 45589.580
 3919, 45600.343
 3920, 45611.534
 3921, 45622.794
 3922, 45633.614
 3923, 45644.764
 3924, 45655.632
 3925, 45667.617
 3926, 45678.443
 3927, 45689.478
 3928, 45700.491
 3929, 45711.697
 3930, 45722.810
